set T :=
T1 T2 T3 T4 T5 T6 T7 T8 T9 T10 T11 T12 T13 T14 T15 T16 T17 T18 T19 T20 T21 T22 T23 T24 T25 T26 T27 T28 T29 T30 T31 T32 T33 T34 T35 T36 T37 T38 T39 T40 T41 T42 T43 T44 T45 T46 T47 T48 T49 T50 T51 T52 T53 T54 T55 T56 T57 T58 T59 T60 T61 T62 T63 T64 T65 T66 T67 T68 T69 T70 T71 T72 T73 T74 T75 T76 T77 T78 T79 T80 T81 T82 T83 T84 T85 T86 T87 T88 T89 T90 T91 T92 T93 T94 T95 T96 T97 T98 T99 T100 T101 T102 T103 T104 T105 T106 T107 T108 T109 T110 T111 T112 T113 T114 T115 T116 T117 T118 T119 T120 T121 T122 T123 T124 T125 T126 T127 T128 T129 T130 T131 T132 T133 T134 T135 T136 T137 T138 T139 T140 T141 T142 T143 T144 T145 T146 T147 T148 T149 T150 T151 T152 T153 T154 T155 T156 T157 T158 T159 T160 T161 T162 T163 T164 T165 T166 T167 T168 T169 T170 T171 T172 T173 T174 T175 T176 T177 T178 T179 T180 T181 T182 T183 T184 T185 T186 T187 T188 T189 T190 T191 T192 T193 T194 T195 T196 T197 T198 T199 T200 T201 T202 T203 T204 T205 T206 T207 T208 T209 T210 T211 T212 T213 T214 T215 T216 T217 T218 T219 T220 T221 T222 T223 T224 T225 T226 T227 T228 T229 T230 T231 T232 T233 T234 T235 T236 T237 T238 T239 T240 T241 T242 T243 T244 T245 T246 T247 T248 T249 T250 T251 T252 T253 T254 T255 T256 T257 T258 T259 T260 T261 T262 T263 T264 T265 T266 T267 T268 T269 T270 T271 T272 T273 T274 T275 T276 T277 T278 T279 T280 T281 T282 T283 T284 T285 T286 T287 T288 T289 T290 T291 T292 T293 T294 T295 T296 T297 T298 T299 T300 T301 T302 T303 T304 T305 T306 T307 T308 T309 T310 T311 T312 T313 T314 T315 T316 T317 T318 T319 T320 T321 T322 T323 T324 T325 T326 T327 T328 T329 T330 T331 T332 T333 T334 T335 T336 T337 T338 T339 T340 T341 T342 T343 T344 T345 T346 T347 T348 T349 T350 T351 T352 T353 T354 T355 T356 T357 T358 T359 T360 T361 T362 T363 T364 T365 T366 T367 T368 T369 T370 T371 T372 T373 T374 T375 T376 T377 T378 T379 T380 T381 T382 T383 T384 T385 T386 T387 T388 T389 T390 T391 T392 T393 T394 T395 T396 T397 T398 T399 T400 T401 T402 T403 T404 T405 T406 T407 T408 T409 T410 T411 T412 T413 T414 T415 T416 T417 T418 T419 T420 T421 T422 T423 T424 T425 T426 T427 T428 T429 T430 T431 T432 T433 T434 T435 T436 T437 T438 T439 T440 T441 T442 T443 T444 T445 T446 T447 T448 T449 T450 T451 T452 T453 T454 T455 T456 T457 T458 T459 T460 T461 T462 T463 T464 T465 T466 T467 T468 T469 T470 T471 T472 T473 T474 T475 T476 T477 T478 T479 T480 T481 T482 T483 T484 T485 T486 T487 T488 T489 T490 T491 T492 T493 T494 T495 T496 T497 T498 T499 T500 T501 T502 T503 T504 T505 T506 T507 T508 T509 T510 T511 T512 T513 T514 T515 T516 T517 T518 T519 T520 T521 T522 T523 T524 T525 T526 T527 T528 T529 T530 T531 T532 T533 T534 T535 T536 T537 T538 T539 T540 T541 T542 T543 T544 T545 T546 T547 T548 T549 T550 T551 T552 T553 T554 T555 T556 T557 T558 T559 T560 T561 T562 T563 T564 T565 T566 T567 T568 T569 T570 T571 T572 T573 T574 T575 T576 T577 T578 T579 T580 T581 T582 T583 T584 T585 T586 T587 T588 T589 T590 T591 T592 T593 T594 T595 T596 T597 T598 T599 T600 T601 T602 T603 T604 T605 T606 T607 T608 T609 T610 T611 T612 T613 T614 T615 T616 T617 T618 T619 T620 T621 T622 T623 T624 T625 T626 T627 T628 T629 T630 T631 T632 T633 T634 T635 T636 T637 T638 T639 T640 T641 T642 T643 T644 T645 T646 T647 T648 T649 T650 T651 T652 T653 T654 T655 T656 T657 T658 T659 T660 T661 T662 T663 T664 T665 T666 T667 T668 T669 T670 T671 T672 T673 T674 T675 T676 T677 T678 T679 T680 T681 T682 T683 T684 T685 T686 T687 T688 T689 T690 T691 T692 T693 T694 T695 T696 T697 T698 T699 T700 T701 T702 T703 T704 T705 T706 T707 T708 T709 T710 T711 T712 T713 T714 T715 T716 T717 T718 T719 T720 T721 T722 T723 T724 T725 T726 T727 T728 T729 T730 T731 T732 T733 T734 T735 T736 T737 T738 T739 T740 T741 T742 T743 T744 T745 T746 T747 T748 T749 T750 T751 T752 T753 T754 T755 T756 T757 T758 T759 T760 T761 T762 T763 T764 T765 T766 T767 T768 T769 T770 T771 T772 T773 T774 T775 T776 T777 T778 T779 T780 T781 T782 T783 T784 T785 T786 T787 T788 T789 T790 T791 T792 T793 T794 T795 T796 T797 T798 T799 T800 T801 T802 T803 T804 T805 T806 T807 T808 T809 T810 T811 T812 T813 T814 T815 T816 T817 T818 T819 T820 T821 T822 T823 T824 T825 T826 T827 T828 T829 T830 T831 T832 T833 T834 T835 T836 T837 T838 T839 T840 T841 T842 T843 T844 T845 T846 T847 T848 T849 T850 T851 T852 T853 T854 T855 T856 T857 T858 T859 T860 T861 T862 T863 T864 T865 T866 T867 T868 T869 T870 T871 T872 T873 T874 T875 T876 T877 T878 T879 T880 T881 T882 T883 T884 T885 T886 T887 T888 T889 T890 T891 T892 T893 T894 T895 T896 T897 T898 T899 T900 T901 T902 T903 T904 T905 T906 T907 T908 T909 T910 T911 T912 T913 T914 T915 T916 T917 T918 T919 T920 T921 T922 T923 T924 T925 T926 T927 T928 T929 T930 T931 T932 T933 T934 T935 T936 T937 T938 T939 T940 T941 T942 T943 T944 T945 T946 T947 T948 T949 T950 T951 T952 T953 T954 T955 T956 T957 T958 T959 T960 T961 T962 T963 T964 T965 T966 T967 T968 T969 T970 T971 T972 T973 T974 T975 T976 T977 T978 T979 T980 T981 T982 T983 T984 T985 T986 T987 T988 T989 T990 T991 T992 T993 T994 T995 T996 T997 T998 T999 T1000 T1001 T1002 T1003 T1004 T1005 T1006 T1007 T1008 T1009 T1010 T1011 T1012 T1013 T1014 T1015 T1016 T1017 T1018 T1019 T1020 T1021 T1022 T1023 T1024 T1025 T1026 T1027 T1028 T1029 T1030 T1031 T1032 T1033 T1034 T1035 T1036 T1037 T1038 T1039 T1040 T1041 T1042 T1043 T1044 T1045 T1046 T1047 T1048 T1049 T1050 T1051 T1052 T1053 T1054 T1055 T1056 T1057 T1058 T1059 T1060 T1061 T1062 T1063 T1064 T1065 T1066 T1067 T1068 T1069 T1070 T1071 T1072 T1073 T1074 T1075 T1076 T1077 T1078 T1079 T1080 T1081 T1082 T1083 T1084 T1085 T1086 T1087 T1088 T1089 T1090 T1091 T1092 T1093 T1094 T1095 T1096 T1097 T1098 T1099 T1100 T1101 T1102 T1103 T1104 T1105 T1106 ;

set STOCKS := AAPL ABT AVGO AXP BKNG C CL INTU LIN MO GOOG GOOGL MCD MRK NVDA NFLX NOW TMUS UNP BRK-B;

param R : AAPL ABT AVGO AXP BKNG C CL INTU LIN MO GOOG GOOGL MCD MRK NVDA NFLX NOW TMUS UNP BRK-B :=
T1 -0.032280 -0.019698 -0.031932 0.002763 -0.018514 0.005065 0.004412 -0.031444 -0.002363 0.001285 -0.021254 -0.021708 0.014026 -0.010289 -0.040563 -0.046350 0.001279 -0.020047 0.010915 -0.003962
T2 0.030791 0.019343 0.025979 0.022439 -0.002291 0.028630 0.013178 0.029420 0.012664 0.013600 0.018925 0.018707 0.015269 0.005445 0.044422 0.034966 0.017520 0.012256 0.025312 0.005588
T3 -0.028669 -0.021279 -0.005791 -0.020502 0.001711 -0.011133 -0.011222 -0.018047 -0.012803 0.002532 -0.021924 -0.021452 -0.008758 -0.019818 0.006890 -0.028388 -0.020427 -0.020470 -0.009487 -0.009889
T4 0.016967 0.014024 0.007583 0.015920 0.028742 0.009683 0.007609 0.029289 0.029602 0.023485 0.004713 0.005596 0.010665 0.005149 0.016562 0.056912 0.017211 0.015740 0.026127 0.014411
T5 -0.000956 0.007425 0.017969 0.030209 0.017034 -0.002676 0.007808 0.002004 -0.005022 -0.003701 0.017558 0.016647 -0.003003 0.005497 -0.008969 -0.005368 -0.007000 0.011119 -0.004105 0.008721
T6 0.017396 0.010227 0.009027 0.002640 0.016257 0.004696 0.013081 0.020359 0.009211 0.007677 0.019711 0.018214 -0.004296 -0.001491 -0.005492 0.014385 0.024391 0.015066 0.009814 0.002463
T7 0.063521 0.012768 0.015211 0.002539 0.014913 0.021144 0.010781 0.026681 0.001334 -0.005898 0.035592 0.035844 0.005693 0.000000 0.033660 0.000686 0.000944 0.024226 0.002770 0.003385
T8 -0.026527 -0.024133 -0.002458 -0.015008 -0.034705 -0.047951 -0.004589 -0.003818 -0.017814 -0.026453 0.001612 0.001585 0.005484 0.004356 0.001564 0.026454 0.018091 0.012493 -0.016234 -0.018946
T9 0.000743 -0.002407 -0.003119 -0.001905 -0.027159 -0.014881 -0.004984 -0.012271 -0.004746 0.004317 -0.002291 -0.002316 0.001188 -0.002478 -0.010738 -0.022812 -0.002720 -0.040306 0.008916 -0.006594
T10 -0.003961 -0.003991 -0.000973 -0.003626 -0.017598 0.013479 -0.001878 -0.009644 -0.022396 0.003793 -0.005708 -0.005098 0.008874 -0.018010 -0.008886 0.000905 0.007332 -0.011742 0.019530 0.003509
T11 -0.014001 0.021897 -0.003369 0.004596 -0.020116 -0.009631 0.007527 -0.002398 0.015157 -0.004282 0.008902 0.007863 -0.001176 0.009739 -0.011346 -0.020574 0.008047 -0.002949 0.004980 0.001228
T12 -0.025542 -0.014863 -0.007606 -0.023258 -0.008904 -0.006714 -0.013697 -0.017236 -0.013772 -0.008854 -0.024412 -0.024080 -0.014692 -0.014530 -0.022717 -0.000132 -0.005563 -0.019224 -0.019966 -0.013779
T13 0.013192 0.002962 0.003247 0.006538 0.011307 0.014452 0.007828 -0.002267 0.014661 -0.012251 0.013893 0.013811 0.006416 -0.005085 0.010947 -0.009986 -0.007204 0.002838 0.005446 0.005120
T14 -0.005446 -0.022425 -0.013104 -0.016579 0.018137 -0.011719 0.004635 -0.005142 -0.009990 -0.004910 0.024024 0.022507 0.003253 -0.002555 -0.008849 -0.069221 -0.015265 -0.005749 -0.035303 0.000571
T15 -0.009583 0.033513 0.003548 0.033126 0.052872 0.021856 -0.005893 -0.002915 0.009917 0.012465 0.013820 0.013033 0.004207 0.014602 -0.012107 -0.007811 -0.008466 -0.006938 -0.061861 0.006804
T16 -0.006134 -0.015437 -0.001741 -0.036358 0.017595 0.000000 0.000631 0.007836 0.004588 0.002308 0.015892 0.016382 -0.001920 0.007827 0.017158 0.006286 0.015910 0.006628 0.005343 0.005198
T17 0.000087 0.011226 -0.025972 -0.040602 -0.040723 -0.015700 -0.008193 -0.018929 -0.026807 -0.013050 -0.030805 -0.029817 -0.019413 -0.012401 -0.033038 -0.000082 -0.024124 -0.005339 -0.018284 -0.019839
T18 0.013472 -0.003853 -0.009476 -0.020128 -0.029486 -0.031900 0.002033 0.006645 -0.011053 -0.036298 0.008683 0.009209 -0.005797 -0.010781 0.019443 0.001413 -0.003588 0.009304 -0.027775 -0.007722
T19 -0.046312 -0.019893 -0.034455 -0.035079 -0.054579 -0.017908 -0.025238 -0.035607 -0.037965 -0.012107 -0.054630 -0.055089 -0.037135 -0.023208 -0.057458 -0.005502 -0.031532 -0.026768 -0.034527 -0.029872
T20 0.037050 -0.013343 0.022465 -0.005786 0.015707 0.012886 -0.002472 0.022291 0.013508 0.004085 0.033377 0.030501 0.001211 -0.003807 0.031440 0.036957 0.054829 -0.002641 0.015400 0.004036
T21 -0.056018 0.001048 -0.015155 0.001867 -0.004760 0.006561 0.028955 -0.033568 0.002274 -0.021426 0.034309 0.038044 -0.009072 -0.008960 -0.037623 -0.056465 -0.025500 0.000548 0.006533 0.001935
T22 -0.000827 0.022548 0.004633 0.023674 -0.011322 0.019073 0.016098 0.005529 0.037397 0.011086 0.003097 0.005080 -0.002066 0.019944 0.003730 0.017615 -0.043351 0.007484 0.011570 0.011937
T23 0.015354 0.019352 0.007146 0.030942 0.040801 0.031272 0.036801 0.026262 0.024105 0.024945 0.014870 0.013138 0.019947 0.002738 0.034875 0.006403 0.008508 0.006613 0.034255 0.011355
T24 0.040837 0.017981 0.030727 0.001142 0.026198 -0.033310 0.009024 0.056262 0.005126 0.018454 0.059944 0.060881 -0.008902 0.048102 0.059507 0.019970 0.069847 0.044096 0.007336 -0.002226
T25 0.035494 0.017932 0.044538 0.017739 0.032096 0.023527 -0.010136 0.023207 0.061498 -0.020221 0.008141 0.009537 0.006702 -0.001985 0.026515 0.033826 0.034075 0.010688 0.028543 0.006208
T26 -0.001136 0.007839 -0.000657 -0.014474 0.008731 -0.008358 0.000241 0.003704 0.002242 -0.001072 -0.000919 -0.001572 0.001155 -0.001243 0.028390 0.001888 0.007720 0.053727 -0.010413 0.006749
T27 -0.019968 -0.043961 -0.013347 0.213879 0.187521 0.115430 -0.015055 0.022370 0.029282 0.024148 0.000710 0.000960 -0.015423 0.001742 -0.063951 -0.085929 -0.062073 -0.006313 0.041721 0.060570
T28 -0.003009 0.012981 -0.033046 -0.012099 -0.052308 0.000210 0.019198 -0.049647 0.017039 0.037202 -0.012825 -0.013455 0.000469 0.007577 -0.063148 0.020701 -0.041198 -0.008633 0.016465 0.031512
T29 0.030352 0.016605 0.035222 -0.041656 -0.003696 0.026863 0.018956 0.029626 -0.009235 0.004294 0.007079 0.005473 0.022033 -0.000616 0.050744 0.021906 0.045878 0.028179 -0.006260 -0.004858
T30 -0.002343 -0.006214 -0.015216 -0.000180 -0.018550 -0.013284 -0.002355 -0.008201 -0.017525 -0.006539 -0.001637 -0.002524 -0.022704 -0.014804 0.002888 -0.008130 0.012754 0.013264 0.002450 -0.011655
T31 0.000419 0.005806 0.008914 0.035013 0.045825 0.007871 0.007435 0.021287 0.007802 0.021013 0.015533 0.016892 0.000985 0.015402 -0.011871 -0.008074 -0.003472 0.011198 0.014714 0.012015
T32 0.008720 0.009503 0.019572 0.032003 0.027639 0.035758 0.006678 0.000308 -0.006224 0.028515 0.002454 0.000999 0.016176 -0.011222 0.016413 -0.007746 -0.011279 0.003275 0.016074 0.024976
T33 -0.007565 -0.005366 -0.000552 -0.018454 -0.013443 0.006548 -0.006750 0.004733 -0.012996 -0.006991 -0.006304 -0.006973 -0.003322 0.016463 -0.006881 0.003193 0.021542 0.002721 -0.004160 0.000257
T34 -0.011391 -0.029100 0.000052 -0.019231 -0.017610 0.006308 -0.008670 -0.011178 -0.007297 -0.024764 -0.013202 -0.011932 -0.002268 -0.015337 0.000484 0.002414 -0.011655 -0.008915 -0.008842 -0.013253
T35 0.005168 0.011205 0.009748 -0.000875 -0.016448 0.021352 0.009100 0.018887 0.011067 -0.002738 0.009812 0.010301 -0.001902 0.001745 0.000857 0.005978 0.014218 0.010481 0.002549 -0.002347
T36 -0.010958 -0.000991 -0.002602 -0.013667 -0.009050 -0.009398 -0.002577 -0.038042 -0.003952 -0.002996 -0.012319 -0.012618 -0.004742 0.000746 -0.026227 0.007366 0.007252 0.003793 -0.005671 -0.010979
T37 -0.029743 -0.014609 0.009574 0.031178 0.013584 0.031946 -0.007280 -0.012540 0.000278 0.006510 -0.004207 -0.005080 0.013592 -0.002113 0.003992 -0.023800 0.007818 -0.013880 0.019666 0.011145
T38 0.011594 -0.015192 0.013514 0.037040 0.041394 0.070544 0.002011 0.005447 0.015944 0.019901 0.019610 0.021035 0.012488 -0.001744 -0.013870 0.013134 -0.014212 0.001408 0.006317 0.019082
T39 0.007467 -0.011151 -0.003569 0.001578 -0.018850 0.000000 0.000472 0.015267 -0.011009 -0.015122 0.001442 0.000130 -0.001684 -0.000999 0.021377 0.004390 0.008801 0.005310 -0.006996 -0.003377
T40 0.004826 0.011371 0.010542 0.000083 -0.005393 -0.006835 0.001770 0.010757 0.016144 -0.000248 0.012284 0.012975 -0.004605 -0.002498 0.002002 0.013113 0.015908 0.024546 -0.003054 -0.006777
T41 0.021100 0.005575 0.016787 -0.016585 -0.011799 -0.028234 0.008716 -0.006267 -0.003924 -0.013376 -0.018096 -0.018254 0.001843 0.006637 0.010576 -0.001343 0.013403 0.007885 -0.007586 -0.011401
T42 0.030827 0.002495 0.007446 0.011299 0.011940 0.007264 0.007239 0.013636 0.009672 0.016571 0.021218 0.023347 -0.005979 0.014430 -0.000858 0.028286 0.009429 0.005942 -0.008232 0.003364
T43 0.002934 -0.003134 -0.002076 0.020012 0.012545 0.031188 -0.006028 -0.003727 -0.026894 -0.011608 0.016601 0.016492 -0.024429 0.003433 0.011539 -0.002378 -0.024222 -0.004412 0.005731 0.003222
T44 -0.001138 -0.005733 -0.009734 0.006458 0.008762 -0.010839 -0.006415 0.023095 -0.019124 0.009995 -0.000646 -0.001715 0.003083 -0.004644 -0.010672 -0.011641 -0.002431 -0.014646 -0.006386 0.002604
T45 -0.005613 0.003441 0.029715 0.015594 0.013546 0.036055 -0.001878 0.013473 0.017953 0.023503 0.000668 0.001054 -0.003640 0.006016 0.012112 0.001588 0.000876 0.004650 0.018738 0.001428
T46 0.012270 -0.006673 0.022372 -0.008797 0.001765 -0.008359 0.004234 0.009740 -0.003352 0.007735 -0.004655 -0.003690 -0.008779 0.006956 0.003577 0.035059 0.014362 0.008801 -0.005144 -0.009120
T47 0.005091 -0.003545 0.005987 -0.003389 -0.019791 0.003957 -0.002576 0.001075 -0.002162 0.012953 -0.000511 -0.003137 -0.002393 0.008120 -0.018869 -0.006049 0.016878 0.001429 0.001073 -0.004580
T48 -0.020904 -0.004495 -0.016981 -0.014815 0.009805 0.010110 -0.004931 -0.022572 0.007623 0.017760 -0.018927 -0.018478 0.001439 0.003487 -0.031405 -0.037179 -0.026298 -0.015246 0.003265 -0.002980
T49 0.011989 0.001881 -0.014848 0.001233 -0.001063 0.026293 -0.001888 -0.004613 -0.000757 -0.000698 -0.004932 -0.005743 -0.003115 -0.005750 0.003210 0.015174 0.018959 -0.004271 -0.016320 -0.000703
T50 -0.006735 0.004694 -0.010292 -0.013214 -0.007440 -0.025950 0.001064 0.005021 -0.006176 0.001164 0.003627 0.004045 -0.001346 -0.000361 0.003160 0.004251 -0.001190 0.005132 0.002667 -0.004223
T51 -0.005147 -0.002149 0.014736 -0.023871 -0.011105 -0.003224 -0.005787 0.003266 -0.007217 -0.002326 -0.012185 -0.012700 0.020023 -0.024177 0.022708 0.038154 -0.009081 -0.014250 -0.024919 -0.015637
T52 0.050090 0.006180 0.015202 0.014826 0.015508 0.015832 0.006652 -0.013898 0.016398 -0.016783 0.004381 0.005033 0.013873 0.001992 0.003888 -0.005053 -0.009578 0.004947 0.011616 0.006866
T53 -0.000547 -0.001024 0.016362 -0.000840 0.000315 0.001341 0.003422 0.024498 -0.006080 0.021811 -0.002698 -0.002209 -0.004933 -0.008077 -0.008832 0.009716 0.033410 -0.001462 -0.007239 -0.011008
T54 0.006963 0.013415 0.002824 -0.000168 0.007014 0.005021 0.007291 0.029952 0.025986 -0.002320 -0.008565 -0.009492 0.002105 -0.000125 0.007457 0.015376 0.016642 0.001541 0.016847 0.012482
T55 -0.015851 0.001746 0.028545 -0.012355 -0.006520 -0.016486 0.003152 -0.000552 0.004053 0.018140 -0.009663 -0.008210 0.003874 -0.003633 -0.005191 0.002909 0.020503 0.014691 0.006924 -0.005563
T56 0.012395 -0.008075 -0.013071 -0.009361 -0.014979 0.036742 -0.007215 -0.010997 -0.013583 -0.019187 0.004830 0.004831 -0.015855 -0.003018 0.004540 -0.010366 -0.025839 -0.012886 -0.005452 0.000269
T57 0.028465 0.001758 0.009840 -0.015978 -0.007436 -0.032174 -0.010667 0.010747 -0.002793 -0.009082 -0.009124 -0.008267 0.001181 0.001639 -0.004051 -0.002987 0.019789 0.015589 -0.004790 -0.007204
T58 -0.006976 -0.007665 -0.017641 0.020952 0.023397 0.025650 0.000355 -0.008027 0.006470 0.007521 0.005152 0.004656 0.000472 0.004281 -0.020259 -0.024368 -0.020758 -0.000151 -0.001737 0.010636
T59 0.007712 0.008376 0.014103 0.003420 -0.005950 -0.003455 0.007225 0.011249 0.005958 -0.006903 0.003735 0.003431 -0.002971 0.004764 -0.001192 -0.000991 0.006963 0.005218 0.011035 0.010212
T60 0.035766 -0.005169 0.000973 0.008607 0.023736 0.009245 0.004351 -0.000105 0.013249 -0.005753 0.021416 0.022951 0.012441 0.003868 -0.007215 0.010020 -0.018325 0.000602 0.011112 0.008299
T61 -0.013315 0.005010 -0.006576 -0.001859 0.022209 -0.003599 -0.004449 -0.007321 -0.002308 -0.018081 -0.009780 -0.009132 -0.006121 0.012057 0.003353 0.022634 0.004120 0.001053 -0.005981 0.005079
T62 -0.008527 0.001015 0.013496 0.010919 0.009088 -0.000821 -0.003528 -0.007348 0.009059 0.000246 -0.010917 -0.012237 -0.005406 -0.010194 0.015645 -0.011830 0.002564 0.001052 0.007631 0.000348
T63 -0.007703 0.009683 0.006945 0.012392 0.009981 0.013145 0.009206 0.011450 0.006647 0.006382 0.007106 0.009440 0.014275 0.015014 -0.006903 0.030767 0.005572 0.011780 0.010875 0.009667
T64 -0.024719 -0.003471 -0.028846 -0.023737 -0.028371 -0.024651 -0.013800 -0.021456 -0.017836 -0.003902 -0.013494 -0.015126 -0.020319 -0.010269 0.004481 -0.033048 -0.042876 -0.017946 -0.025022 -0.014750
T65 0.012364 0.012373 0.006773 0.005337 0.011085 0.025940 0.002253 -0.007614 0.015687 -0.001959 0.007337 0.008064 0.005994 0.001729 0.022210 -0.003940 0.009756 -0.004379 0.012265 -0.004290
T66 -0.033662 -0.002082 -0.006167 0.036994 0.028217 0.057536 -0.026858 -0.021335 0.032830 0.016192 -0.003234 -0.009868 -0.002270 0.015783 -0.058953 -0.038998 -0.046469 -0.002427 0.020925 0.012309
T67 0.034123 0.009707 0.042143 -0.007910 -0.004427 0.011801 -0.005471 0.021136 -0.002873 0.008692 0.029943 0.029869 0.004645 0.019908 0.057830 0.016784 0.008201 0.012621 0.013918 0.011335
T68 0.008631 0.002785 0.005075 0.000986 0.018613 -0.009846 0.006723 0.017444 -0.001182 -0.004548 0.011168 0.013239 0.018351 -0.011783 -0.005040 0.002967 0.035647 0.014040 0.028676 0.004938
T69 -0.023249 -0.006899 0.000269 -0.005912 -0.026416 0.016369 -0.002550 -0.005661 -0.010614 -0.005770 -0.022405 -0.023106 -0.007597 0.023726 0.025966 -0.022139 -0.012424 -0.015771 -0.006718 -0.002564
T70 -0.001395 -0.018044 0.008143 0.004626 -0.011223 0.003462 0.001461 -0.017914 -0.003401 -0.010157 -0.011417 -0.010739 -0.012277 -0.022471 -0.010039 -0.009718 -0.018831 -0.031897 0.005935 -0.001714
T71 0.016227 0.030412 0.004050 0.006413 -0.006338 0.002850 0.002796 -0.001942 0.004163 0.003909 0.004495 0.005652 0.002316 -0.009026 0.003485 0.027395 0.016562 -0.001476 -0.009285 0.006351
T72 -0.015127 -0.014861 0.001906 0.011275 0.000078 0.032157 -0.006668 0.001507 -0.015090 0.000487 -0.008105 -0.009346 -0.016927 -0.002065 -0.024498 -0.013647 -0.014127 -0.029650 -0.002077 0.002175
T73 -0.013731 0.011450 -0.013759 -0.013168 -0.029030 -0.069265 -0.000732 0.015048 -0.021237 0.002189 -0.002293 -0.001907 0.006763 0.014726 -0.025814 -0.005750 -0.001128 0.020771 0.002035 -0.006510
T74 0.005427 0.011411 0.030100 0.037659 0.020673 -0.008407 -0.012579 0.037573 0.003681 0.000728 0.031489 0.032907 -0.003907 -0.002278 0.012889 0.007611 0.011017 0.020192 -0.006094 0.004540
T75 0.032856 0.002842 0.005683 0.017278 -0.001382 -0.006908 -0.008039 0.011715 -0.006331 0.021101 0.053628 0.053573 0.021713 -0.008775 0.026142 0.168543 0.043837 0.018868 0.013471 0.000895
T76 0.036659 0.000532 0.010696 -0.011711 -0.023199 -0.021818 -0.011472 -0.019797 -0.016317 -0.003800 0.002305 0.002170 -0.000468 -0.015522 0.037540 -0.011086 0.003947 -0.014361 -0.047117 -0.002556
T77 0.016073 -0.000974 -0.003856 -0.010123 -0.020711 -0.008728 -0.008244 -0.018074 -0.006793 -0.002623 0.005182 0.004464 -0.000702 -0.002464 -0.011177 -0.025300 -0.005952 -0.000307 -0.003704 -0.005296
T78 0.027684 0.016661 -0.000494 -0.039559 -0.023139 -0.012555 0.005372 -0.001121 0.006521 0.003108 -0.000868 0.000909 -0.000188 0.002099 -0.004321 -0.014845 -0.005933 0.005677 -0.003235 0.000386
T79 0.001679 0.000087 -0.001980 -0.041271 -0.017474 0.005779 0.001781 0.000989 0.010785 0.006434 0.009392 0.007217 0.009562 -0.011090 -0.015967 0.009250 -0.010077 0.002365 -0.031047 -0.006180
T80 -0.007684 -0.003835 -0.041326 -0.017736 -0.048947 -0.024790 -0.009143 -0.031190 -0.050577 -0.009708 -0.045091 -0.046652 -0.038908 -0.039626 -0.038518 -0.068781 -0.029974 -0.061944 -0.028593 -0.018180
T81 -0.034985 0.053373 0.015831 0.042773 0.078474 0.015825 0.014354 0.018837 0.027294 0.019847 0.017654 0.018835 -0.000870 0.011029 0.010315 0.029277 0.073069 0.036505 0.035815 0.015790
T82 -0.037421 0.026580 -0.002745 -0.022779 -0.044133 -0.030754 -0.014529 -0.023571 -0.016591 -0.036811 -0.014690 -0.013944 0.004932 -0.010909 -0.004693 -0.011530 -0.019991 -0.013227 -0.018978 -0.013336
T83 0.016520 -0.008496 0.036049 0.006623 0.023725 0.007587 0.006667 0.034189 0.020497 -0.007547 0.035740 0.035959 0.000433 0.003763 0.019034 0.012491 0.028353 0.018560 0.005723 0.006363
T84 0.006337 -0.018770 0.021725 0.031359 0.037715 0.019682 0.004202 0.028187 0.007268 0.019622 0.013759 0.013761 0.008801 0.005300 0.024156 0.016919 0.044668 0.027021 0.036908 0.012733
T85 -0.007779 -0.000166 -0.024514 -0.002154 -0.018508 0.025512 0.000380 -0.010310 -0.008404 0.010344 0.073961 0.072825 -0.005006 -0.005786 -0.001936 -0.015889 -0.011756 -0.019107 -0.007624 0.001895
T86 0.025758 -0.003993 0.011694 0.037031 0.027445 0.021440 0.000634 0.033092 -0.003798 0.012619 -0.003720 -0.002550 0.011116 -0.016684 0.009885 0.023561 0.021382 0.009508 0.000440 0.013280
T87 -0.003098 0.035828 -0.009816 0.011049 0.006472 0.002724 0.011909 -0.008530 0.032868 -0.001411 0.017276 0.017140 0.007345 -0.003025 -0.005361 -0.002481 0.001273 -0.040735 -0.001223 -0.002587
T88 0.001097 0.003790 0.014356 0.013541 0.001498 0.017098 -0.002129 0.000925 -0.000116 0.011773 -0.002426 -0.002063 -0.004704 -0.010026 0.062376 -0.005211 -0.003086 0.006545 -0.000392 0.009610
T89 -0.006574 0.005221 0.004083 -0.010235 -0.006802 -0.008327 -0.012547 0.004644 -0.006684 0.009076 -0.004491 -0.004380 0.020796 0.000000 -0.012155 0.020350 -0.010427 -0.013085 0.002596 0.010488
T90 -0.004559 0.001119 -0.009650 0.012235 0.027085 0.007921 0.005210 0.014660 -0.011345 0.004382 0.005697 0.005344 -0.007315 -0.001999 0.035125 0.008085 0.013029 0.000321 -0.005619 0.000042
T91 -0.001920 0.012371 0.017743 0.000624 0.008171 -0.006602 -0.008849 0.029022 0.001543 -0.005511 0.000243 0.001088 -0.000606 -0.002003 0.032951 -0.010646 0.008670 -0.000723 0.018329 -0.000667
T92 0.001776 0.010959 0.016576 0.010210 -0.004020 0.006804 0.000255 0.012646 -0.001699 0.002078 0.003922 0.003007 -0.001727 0.003479 -0.018983 -0.001919 -0.005349 -0.005788 0.028616 0.011261
T93 -0.016104 -0.001638 0.005778 0.008178 0.015614 0.007701 -0.003060 0.019976 -0.010052 0.000231 0.008455 0.007480 0.005283 -0.010000 0.024664 0.001366 -0.009386 -0.013583 0.003894 0.011631
T94 -0.017644 -0.006093 -0.013595 -0.016223 0.022713 0.009981 0.003198 -0.015275 -0.003438 0.004377 0.003021 0.003752 -0.007348 0.017374 -0.027674 -0.010659 -0.008195 -0.005738 -0.012898 -0.000122
T95 -0.008636 -0.014382 0.001617 -0.000544 0.011649 -0.019765 0.003569 -0.001010 0.002607 0.000688 -0.005220 -0.006046 0.009276 -0.001721 -0.005166 -0.005659 -0.008848 0.014345 -0.019741 -0.007136
T96 0.001233 -0.018898 0.013864 0.025061 0.014718 0.036232 -0.019309 -0.009725 0.003801 0.003897 -0.007586 -0.008073 -0.014808 -0.014587 0.006575 -0.014593 -0.008805 -0.023895 0.009659 -0.006776
T97 -0.029799 -0.003982 -0.027758 0.032192 0.024845 -0.003953 0.000907 -0.023824 0.000757 0.014155 -0.017257 -0.016541 -0.000848 0.008343 -0.038237 -0.011921 -0.035866 -0.018235 -0.010667 0.012901
T98 -0.001111 -0.014280 -0.009363 0.007282 0.003979 0.018620 0.002847 -0.006126 0.030151 -0.002926 0.002896 0.002853 -0.003490 -0.005205 -0.014890 0.023174 0.002708 0.011110 0.000629 0.002286
T99 -0.004052 0.013079 0.019030 0.021542 0.035658 0.027869 -0.010969 0.035305 -0.015581 0.016031 0.011739 0.011499 0.009228 0.000402 0.025244 0.013293 0.000145 0.001342 0.020245 0.011893
T100 -0.034783 -0.006537 -0.049326 -0.020087 -0.069695 -0.017347 0.000652 -0.060990 -0.029889 -0.008222 -0.030456 -0.032565 -0.010878 0.000671 -0.082178 -0.012125 -0.041752 0.012649 -0.007184 -0.019159
T101 0.002232 -0.014805 0.027802 -0.013277 0.024331 -0.022697 -0.019429 0.005567 -0.011053 -0.023079 0.002707 0.002956 -0.016789 -0.026802 0.030584 -0.014359 0.008832 -0.007610 -0.012987 -0.013049
T102 0.053851 0.020287 0.041948 0.025507 -0.003440 0.055556 0.005319 0.041703 0.029558 0.021560 0.021921 0.023616 0.010236 -0.003305 0.009278 0.021880 0.043133 0.030007 0.015634 0.036173
T103 -0.020894 0.002619 -0.018526 0.003893 -0.016501 -0.009060 -0.002381 -0.011466 0.010020 0.004041 -0.002724 -0.002503 0.002017 0.006494 -0.031463 -0.005121 -0.012885 -0.009064 0.000574 0.000040
T104 -0.024457 -0.027340 -0.036316 0.023986 -0.003159 0.021332 -0.010740 -0.032458 -0.025432 0.007379 -0.023667 -0.025706 -0.013658 0.006177 -0.044867 -0.049505 -0.060623 -0.029481 -0.014668 0.009349
T105 -0.015812 -0.026598 -0.042046 0.000631 -0.024461 -0.008099 -0.002278 -0.031849 -0.004341 -0.017536 0.011042 0.011196 -0.004761 -0.015416 -0.033933 -0.018072 -0.049167 -0.001935 -0.024972 -0.024130
T106 0.010738 0.010689 0.014766 0.032591 0.039539 0.006016 0.021762 0.015625 0.009046 0.019431 0.029013 0.031043 0.012351 0.013302 0.007377 0.009975 -0.007480 0.051176 0.042918 0.031245
T107 -0.041674 -0.013817 -0.064180 0.019955 0.026718 0.028335 0.005128 -0.030847 0.024390 0.039451 -0.040013 -0.042712 0.008391 0.014221 -0.069675 -0.044656 -0.047047 0.019089 0.005627 0.017618
T108 0.040650 0.009254 0.053057 -0.034404 -0.000823 -0.017031 -0.019752 0.038227 0.034137 0.016631 0.014095 0.016369 -0.002678 -0.000404 0.080333 0.026575 0.053658 -0.005903 0.003841 0.005473
T109 -0.009167 -0.007027 -0.013549 0.011371 0.001069 0.038879 0.011476 -0.004576 0.012579 0.010906 0.001135 -0.002044 0.022824 0.008362 -0.004153 -0.003752 -0.030576 0.008709 0.006707 0.019188
T110 0.016503 0.014153 0.036792 0.006814 -0.003064 -0.005966 -0.006992 0.042709 0.006513 -0.008299 0.029070 0.031603 -0.008157 -0.001739 0.042127 0.036707 0.060907 -0.011145 0.006569 -0.011667
T111 -0.007625 -0.006892 -0.005555 0.005347 0.016503 0.025508 0.003188 -0.008067 0.004227 0.017782 -0.024991 -0.024060 0.003639 0.008381 -0.010582 -0.009636 -0.027144 0.008969 -0.002004 -0.003411
T112 0.024457 0.011910 0.043443 -0.010435 0.016018 -0.012769 0.002252 0.002248 0.001862 0.024460 0.002216 0.002166 0.038241 0.021850 0.026077 0.004305 0.015433 -0.011721 -0.006633 -0.020806
T113 0.012743 0.001016 0.015740 -0.025104 -0.017602 -0.011992 0.002378 -0.003578 0.006655 -0.008026 0.012596 0.014335 -0.002722 0.007609 0.007581 0.007266 0.004469 0.017114 -0.004561 -0.012215
T114 -0.006451 -0.005075 0.011314 0.009630 0.027214 0.003682 -0.000791 -0.009357 -0.004580 0.006877 -0.000688 -0.000801 0.019331 0.006380 0.003762 0.000782 -0.028037 -0.003756 0.002834 0.001988
T115 -0.033905 0.004166 -0.040199 -0.014515 -0.046645 0.003261 0.003562 -0.045313 -0.006121 0.015870 -0.026235 -0.029238 -0.005399 -0.000388 -0.046379 -0.037469 -0.038804 -0.018775 0.014414 0.001825
T116 -0.004480 0.018119 0.030203 -0.013116 -0.025228 -0.011240 -0.014329 0.019547 0.004554 -0.000396 0.003428 0.002780 -0.002064 0.003106 0.009688 0.014640 0.009996 -0.005764 -0.021174 -0.005823
T117 0.028336 0.010146 0.001728 -0.005401 -0.024413 -0.014381 0.010536 0.004563 0.004607 0.021563 -0.002256 0.001840 0.011823 0.000000 0.026507 0.021340 0.012340 0.015460 -0.021490 -0.002510
T118 -0.006889 -0.008068 -0.023607 -0.027653 -0.007567 -0.014592 0.026132 0.000470 -0.009173 -0.021882 0.007049 0.005240 -0.003110 -0.015998 -0.008759 0.022902 0.003189 -0.013639 0.008629 -0.008188
T119 -0.019994 -0.020500 -0.014632 0.017196 -0.005540 -0.011705 0.000257 -0.015423 0.007055 -0.002820 -0.003848 -0.004311 -0.001426 -0.000393 -0.032726 -0.026687 -0.012234 -0.016320 0.023312 0.005316
T120 0.004164 0.008727 0.009688 0.027886 0.030044 0.023402 0.001543 -0.012987 0.013382 0.013735 -0.000342 -0.000034 0.000669 -0.002230 -0.008523 -0.034466 -0.000296 0.009153 0.014984 0.004487
T121 0.005141 0.025367 0.044054 0.010191 0.024073 0.018126 0.017075 0.011252 0.029336 0.046025 -0.004309 -0.003803 0.004505 0.017353 0.024252 0.010321 0.048329 -0.003968 0.031607 0.024008
T122 0.001485 0.001311 -0.019542 -0.009462 0.011977 -0.019720 0.008583 -0.005205 -0.001422 -0.003810 0.010022 0.010401 0.009502 0.011759 0.008489 0.011613 -0.019414 0.003822 0.000269 0.007984
T123 -0.012275 -0.020290 -0.034827 0.007867 -0.007005 0.019279 -0.007134 -0.002563 -0.006192 -0.019885 -0.000199 0.000333 -0.010425 -0.017114 -0.005908 -0.001090 0.004491 0.009558 -0.008297 -0.002434
T124 0.018766 0.000752 0.016442 -0.011324 -0.002163 -0.002878 -0.006303 0.025157 0.003151 -0.001951 0.006368 0.007843 -0.003734 0.001689 0.037019 0.016109 0.025719 0.005215 -0.003256 -0.010535
T125 0.006959 -0.007510 0.026507 0.022130 0.022585 0.005361 -0.003552 0.031770 0.002499 -0.003128 0.033413 0.032611 0.004774 0.000000 0.034724 0.034045 0.013797 0.018836 -0.000907 0.010686
T126 0.023577 0.007735 0.026326 0.010306 0.011215 -0.005332 0.012476 0.017483 0.016237 0.006275 0.041071 0.041873 0.016163 -0.001168 0.012725 0.002317 0.013826 0.029377 0.014804 0.017273
T127 0.002462 0.000918 -0.009437 0.000616 0.005322 -0.002062 0.004149 -0.002337 -0.004520 0.001169 -0.000359 -0.004372 0.013371 -0.015714 -0.009008 0.007139 -0.009611 0.000228 -0.010605 0.001523
T128 0.013390 0.001167 -0.002914 0.006705 -0.004691 0.001240 -0.003005 -0.000374 -0.009714 -0.004866 0.011206 0.013475 0.003019 0.004354 0.020344 0.004518 0.003241 -0.010728 0.001085 0.002129
T129 0.019234 -0.002748 0.006260 -0.000612 0.007197 -0.004953 0.000251 0.025608 0.003021 0.006845 0.007005 0.005091 -0.010146 -0.008277 0.012267 0.013876 0.026061 0.000692 -0.005241 -0.000417
T130 0.020252 0.009351 -0.000803 0.005033 0.009090 0.001244 0.001758 0.016751 0.009213 0.000194 0.009022 0.008994 0.005342 0.010863 0.005797 0.001316 0.011373 -0.008301 0.013898 0.009487
T131 -0.013233 0.001158 -0.002928 -0.001421 -0.016738 0.003729 0.004763 -0.004023 0.002212 0.005050 -0.013601 -0.011472 -0.002246 -0.001179 0.056180 -0.004556 0.013208 0.013408 0.001389 0.007218
T132 0.024307 0.016276 0.002667 -0.010707 -0.001976 -0.008667 -0.005364 0.007237 0.003013 -0.011208 0.005535 0.004370 0.001559 0.002755 0.030936 0.001718 0.022216 0.000229 -0.006978 -0.003098
T133 -0.017853 -0.008649 -0.015795 0.009795 0.020767 0.011796 -0.004139 -0.018260 -0.004331 0.003518 -0.005482 -0.005554 -0.004366 -0.000393 -0.025670 -0.024759 -0.007451 -0.006805 0.002748 0.001610
T134 0.018708 0.020082 0.005657 0.007530 -0.008561 -0.005074 0.013350 0.015245 0.010244 0.005063 0.018547 0.019332 0.004212 0.003403 0.056310 0.017036 0.026632 0.012086 0.002246 0.006018
T135 -0.002528 0.003308 -0.002521 0.009830 0.017956 -0.001241 0.002983 -0.004167 0.006910 0.013563 0.000479 -0.001094 0.007783 0.010566 -0.013927 -0.004880 -0.004362 0.012018 -0.001748 0.011035
T136 0.005069 0.001448 -0.035068 -0.009668 -0.008357 -0.004417 -0.004089 -0.032538 -0.005208 -0.061747 0.002019 0.003071 -0.005449 0.002453 -0.034611 0.014455 -0.013539 -0.007967 0.003413 -0.006725
T137 -0.012830 -0.036377 -0.010260 -0.023159 -0.045273 -0.032442 0.017643 0.007656 -0.009048 -0.038509 -0.003809 -0.004695 0.005176 0.011718 -0.012401 -0.008784 -0.015636 -0.010910 -0.012530 -0.008843
T138 0.002930 0.021667 0.005533 0.014335 0.005428 0.012323 -0.002213 0.008831 0.021446 0.008264 -0.000148 -0.000290 -0.003219 0.008400 0.012474 -0.074003 0.010522 0.012026 0.012507 0.016126
T139 -0.011685 0.007341 -0.010178 -0.000136 -0.004530 -0.011890 -0.001232 -0.005306 -0.011200 -0.022698 -0.011063 -0.011337 0.003014 -0.016029 -0.033219 -0.000236 0.003696 -0.002952 -0.024392 -0.009919
T140 0.018039 -0.001539 0.024214 -0.019231 0.020613 0.022490 -0.015546 0.020011 0.010045 0.019140 0.020891 0.021048 0.006954 -0.001026 0.027946 -0.006349 0.007676 0.012070 0.025507 0.009165
T141 0.002978 -0.005920 0.012271 0.041640 0.026225 0.011488 -0.006392 0.008122 -0.007133 -0.003587 0.004941 0.004348 -0.009677 -0.004494 0.013937 0.009396 0.011779 -0.006151 0.004697 -0.004118
T142 -0.002449 -0.007179 -0.011656 0.000133 0.002400 0.010942 -0.009082 -0.005188 0.002383 -0.001271 -0.008432 -0.008204 0.011493 -0.002193 -0.006218 -0.009308 0.006116 0.003170 0.005076 0.010301
T143 -0.006027 -0.002054 -0.015332 0.014499 0.016618 -0.001096 0.002673 -0.000769 -0.010578 0.000424 0.031550 0.029708 -0.010937 -0.003490 -0.006826 0.001919 -0.009580 -0.006320 0.002038 -0.002558
T144 -0.000749 -0.003623 0.015440 0.013701 -0.001465 0.012756 0.013330 0.000842 0.007662 -0.012294 0.021001 0.014294 0.012048 -0.044234 0.003142 0.004896 -0.093748 0.014612 -0.007560 0.017036
T145 -0.015133 -0.007685 -0.021639 -0.008278 -0.014132 -0.028501 0.011025 -0.009588 -0.012097 0.024678 -0.008136 -0.016408 0.003699 0.011129 -0.020571 0.008782 0.002713 -0.014029 -0.010647 -0.009546
T146 0.008215 -0.004580 -0.013284 0.009455 -0.010397 0.006597 0.004585 -0.001989 0.010005 0.012984 -0.006203 -0.004428 -0.002203 0.019866 -0.011509 -0.008491 -0.031696 -0.005147 0.007429 0.015385
T147 -0.035385 -0.016649 -0.012441 -0.001744 -0.023561 0.008646 0.000247 -0.033354 -0.019743 -0.010750 -0.017084 -0.015471 -0.007217 0.000132 -0.032723 -0.011648 -0.014317 -0.022594 0.008626 0.003869
T148 0.001955 0.008253 -0.001597 0.012037 -0.018892 0.019079 0.002836 -0.014034 0.030424 0.010449 0.001058 0.003442 0.005046 0.022503 0.007473 -0.014110 -0.006890 0.043976 -0.009350 0.008920
T149 0.012803 0.002363 0.010702 0.003133 -0.025052 0.014517 0.012174 0.005178 0.016426 0.023578 0.010442 0.009755 -0.000766 0.001029 0.004461 0.006995 0.012230 0.035413 0.016327 0.024579
T150 0.005327 0.001347 0.008917 0.013386 0.020940 0.004012 -0.001579 0.017687 0.008536 0.009294 0.007282 0.006238 -0.000085 0.008100 0.019917 0.008588 -0.004796 0.001728 0.009991 0.004211
T151 -0.025804 -0.000084 -0.036414 -0.001887 -0.027494 0.000666 0.014115 -0.021195 0.006958 0.014615 -0.023775 -0.025587 0.009666 -0.003061 -0.036895 -0.034039 -0.034560 -0.023793 -0.004532 0.004812
T152 -0.007410 -0.004624 0.009103 -0.026783 -0.006814 -0.003461 -0.010799 0.006241 -0.007973 -0.004933 -0.014050 -0.009464 -0.013707 -0.009083 0.002839 0.017239 0.031491 0.016126 -0.008011 -0.022919
T153 -0.024938 -0.017231 -0.040198 -0.013793 -0.033559 -0.008548 -0.004730 0.012405 -0.015505 -0.021416 -0.030181 -0.030752 -0.025314 0.006972 -0.038287 -0.020401 -0.034870 -0.009855 -0.020343 -0.009523
T154 0.017920 0.009454 0.019461 0.011688 0.016122 0.014280 0.014747 0.009078 0.013504 0.015603 0.010223 0.013085 0.008028 0.008846 -0.006778 0.003464 -0.020938 0.010831 0.014324 0.014103
T155 0.019845 0.007322 0.025592 0.019925 0.034074 0.016868 0.003603 0.034050 0.010807 0.003192 0.023957 0.022135 0.008487 -0.005083 0.042279 0.013788 0.011759 0.024616 0.011902 0.013175
T156 -0.009259 -0.013270 -0.003804 -0.001846 -0.025994 0.011233 -0.000120 0.005176 -0.000963 -0.001392 0.002267 0.004626 -0.000173 0.020181 -0.005441 -0.008979 -0.012882 -0.009327 -0.013605 -0.005023
T157 -0.011246 0.002056 -0.014093 -0.011921 -0.005186 -0.010333 -0.005266 -0.004745 -0.009572 -0.004382 -0.007745 -0.011556 0.001079 -0.006135 -0.010571 -0.005440 0.006206 -0.037090 -0.010322 -0.005636
T158 -0.001281 -0.005129 0.018398 -0.001678 0.026401 -0.002088 0.001203 0.009032 -0.006477 -0.011002 0.002292 0.003991 -0.007675 -0.000252 0.003567 0.002920 0.005555 -0.004815 -0.000629 -0.004764
T159 0.021012 0.012201 0.030064 0.005170 0.015877 -0.003401 0.010576 0.033404 0.006958 0.011934 0.020522 0.015607 0.008820 0.003780 0.038871 0.028645 0.024730 0.013472 -0.001574 0.001782
T160 -0.014767 -0.005688 -0.008264 0.008616 -0.005494 0.019029 0.001665 -0.004227 0.001476 -0.000600 -0.004665 -0.005557 -0.004049 -0.006026 0.025954 -0.007535 -0.003523 -0.000808 -0.001937 0.003522
T161 0.013314 0.001366 0.017618 0.011283 0.024026 0.004894 0.002018 0.016104 0.009043 0.006400 0.026255 0.029166 0.002897 -0.001894 0.041373 0.010062 0.014676 0.012348 0.009209 0.006916
T162 -0.001573 0.009464 0.000762 -0.003971 -0.004032 -0.009612 0.002251 -0.003224 -0.000066 -0.014110 0.000997 0.000775 0.000992 -0.019360 0.002290 -0.003102 0.007431 -0.007043 -0.007246 -0.008732
T163 -0.000394 -0.013936 0.002067 0.003608 0.003416 0.003106 -0.001892 0.008702 -0.004913 -0.003830 0.010153 0.007381 0.000905 -0.003484 0.003339 0.002035 0.011482 0.021132 0.008606 0.000453
T164 -0.012377 -0.009079 0.015614 0.007315 -0.005207 0.015996 -0.008765 -0.024164 0.003369 -0.004452 -0.012747 -0.007407 0.010803 -0.016962 -0.013503 0.002986 -0.012752 0.011887 0.005028 0.006856
T165 -0.005348 0.008298 0.009943 0.002441 0.011466 -0.000635 0.001075 0.016153 -0.000598 0.000407 0.003767 -0.002468 0.001370 -0.000395 0.048844 -0.002084 -0.011143 0.000991 0.003707 0.000484
T166 -0.002648 -0.093099 -0.008511 0.022669 -0.014088 0.013340 -0.015517 -0.000979 0.005522 0.002844 0.007568 0.010323 -0.002779 -0.009355 0.001231 -0.007418 -0.009939 0.001768 0.001335 0.001382
T167 0.006276 0.010492 0.011573 0.002198 -0.004450 0.001254 0.004850 0.015456 -0.004382 0.003039 -0.003511 -0.004447 0.002315 0.009178 0.031587 0.000321 -0.004604 -0.005081 -0.002578 0.000621
T168 -0.012154 0.021516 -0.018850 0.002437 -0.009539 -0.002880 0.012910 0.011494 -0.005202 0.005453 -0.006885 -0.009706 -0.005689 0.020926 0.011413 -0.019650 -0.016723 0.009505 0.002228 0.006724
T169 0.019022 0.000824 0.021945 0.002917 0.008659 -0.001758 0.000238 0.025235 0.005162 -0.000201 0.019608 0.019590 0.004001 0.002706 0.035858 0.010849 0.003158 0.015388 0.005423 0.001884
T170 0.000079 0.006497 -0.023621 0.005576 -0.007415 -0.002265 -0.000834 -0.010218 -0.027613 0.014467 0.005845 0.003647 -0.007241 -0.017676 0.002318 -0.000162 -0.002583 -0.006920 -0.014237 -0.010461
T171 0.006672 -0.019091 -0.000539 0.003556 0.002271 -0.002900 -0.011561 0.017607 0.003155 -0.012082 0.006796 -0.001607 0.004100 -0.005494 -0.009195 -0.004589 0.002829 0.013100 -0.005024 -0.000933
T172 0.003077 0.010658 0.000863 -0.014533 0.004480 -0.011887 -0.004462 0.006598 -0.006906 0.000401 0.003444 0.003961 -0.005029 0.022652 -0.005429 -0.013363 0.008573 0.012931 -0.001488 -0.002109
T173 -0.008023 0.010087 0.010217 -0.011336 0.004490 -0.015997 0.012597 0.006406 -0.000516 0.004809 0.012122 0.011292 0.013479 0.028363 0.003846 0.003005 0.052549 -0.005161 -0.008623 -0.012717
T174 0.009833 -0.002179 0.004331 0.014054 -0.008639 -0.005332 0.000359 0.001761 0.003065 -0.007579 -0.003042 -0.002025 0.009975 0.001708 0.022970 0.003078 0.018155 -0.007917 0.007924 0.006704
T175 0.024578 0.005186 0.010899 -0.004255 0.000291 -0.017259 -0.002631 0.010187 -0.001065 -0.016769 0.005215 0.007699 0.000211 -0.002248 0.010855 0.022751 0.022751 -0.000619 0.005828 -0.011471
T176 -0.006438 -0.000633 -0.010697 0.015018 -0.001336 -0.017829 -0.001678 -0.013125 0.000000 -0.003744 -0.002525 -0.008379 -0.002658 0.003314 -0.012778 -0.015984 -0.007677 0.002891 0.000988 0.001446
T177 0.003934 -0.003170 -0.010600 -0.009563 -0.001620 -0.031970 -0.015852 -0.002910 -0.004640 -0.011065 -0.002670 -0.005329 -0.003258 0.012021 0.001223 0.001037 0.009200 -0.005286 -0.003500 -0.002923
T178 0.012601 0.014265 0.011637 -0.015485 -0.001841 -0.036384 0.005857 0.011484 -0.008012 -0.010555 0.005366 0.008040 -0.007216 0.008093 0.047557 0.012043 0.039837 0.010627 -0.013465 -0.015612
T179 -0.010091 -0.011646 -0.016279 -0.024425 -0.022402 -0.018153 -0.017105 -0.002802 -0.018173 -0.011948 -0.006358 -0.013409 -0.018214 -0.008028 -0.000992 0.004876 0.006297 -0.011950 -0.019446 -0.016685
T180 0.014104 0.010061 0.010241 0.042549 0.009123 0.012424 0.005184 0.009506 0.022374 0.021162 0.007068 0.014166 0.014284 0.001827 -0.011347 -0.007528 0.001892 0.006635 0.012569 0.011166
T181 0.012699 -0.004307 -0.000344 -0.002425 -0.005378 0.007451 -0.001842 -0.000712 0.007006 -0.001057 0.004306 0.004252 0.004208 -0.007296 0.024936 0.023783 0.021094 0.001098 0.006805 -0.000650
T182 -0.002090 -0.001082 0.004758 0.009240 -0.002052 0.010006 -0.012794 0.002157 -0.019253 -0.004657 -0.004236 -0.001664 -0.002736 -0.008006 0.009028 0.007704 0.007637 -0.005418 0.000548 -0.008161
T183 -0.002169 0.007759 0.007286 0.013191 -0.000023 0.023977 0.003863 0.008420 0.001299 0.008720 0.006488 0.003054 0.000386 0.010320 0.007779 0.010376 0.003399 0.003930 -0.002921 0.003022
T184 -0.002249 0.009132 -0.016721 0.007372 0.015773 0.003225 0.011172 0.007190 -0.000070 0.004006 -0.002255 0.000069 -0.003900 0.011001 -0.009086 0.017392 -0.012824 -0.001786 0.012816 0.010490
T185 0.012546 0.026437 0.022934 -0.027560 -0.033796 -0.000559 0.003192 0.001852 0.016064 -0.009240 -0.001382 0.000225 -0.005722 -0.004404 0.050129 0.011308 0.013175 -0.002064 -0.009671 -0.006358
T186 0.011500 0.013051 0.009200 -0.003217 -0.014679 -0.025591 -0.005751 0.009055 0.002347 -0.008478 -0.006316 -0.002151 -0.003116 0.004554 0.002089 0.000882 0.011627 -0.000344 -0.002191 -0.001446
T187 0.004621 -0.010921 -0.000650 0.005967 0.007320 0.015356 0.001231 -0.002503 -0.004374 0.019239 -0.005575 -0.001497 0.002691 0.007253 -0.001211 -0.009916 -0.016184 -0.001104 0.005854 0.006191
T188 0.002263 0.010610 -0.015099 0.012985 0.010022 0.003675 0.004794 0.001795 0.006019 0.003146 0.008399 0.002908 0.005541 0.002829 0.010474 0.010091 -0.007970 0.003521 0.016460 0.008096
T189 0.019596 0.007511 -0.003130 0.009345 0.013063 -0.008450 -0.000489 0.013420 0.003163 -0.006272 0.018600 0.022974 0.005855 0.007822 0.013606 0.000825 0.012216 0.006536 0.005234 -0.003748
T190 0.014719 0.006608 0.010915 0.006291 -0.007401 -0.031246 0.003304 0.006692 -0.011174 -0.018094 0.008173 0.007445 -0.003767 -0.006234 0.010324 0.014345 0.012069 0.003145 -0.004049 -0.006449
T191 0.017955 0.008837 -0.007902 0.008375 -0.024997 -0.004105 0.008418 0.010220 0.013969 0.002571 0.002362 0.002250 0.008077 0.005761 -0.015786 -0.010487 0.005891 0.008790 0.020285 0.006923
T192 -0.009200 -0.005089 0.002044 -0.020353 -0.001315 -0.017665 -0.003871 0.000000 -0.018938 -0.007694 -0.006923 -0.011307 -0.007629 -0.005601 -0.023022 -0.009702 -0.002332 -0.007971 -0.043836 -0.018407
T193 0.013055 0.004025 0.020574 0.026508 0.014358 0.025775 0.001093 -0.003106 0.019931 0.020892 0.003077 0.003795 0.012197 -0.001664 0.007411 0.009835 0.010527 -0.005788 0.015343 0.023313
T194 -0.004204 -0.007767 0.011600 0.009655 0.004105 0.014463 0.006066 0.002322 -0.000649 0.001899 0.007637 0.011608 -0.000297 -0.005641 0.023055 0.002481 -0.007839 0.006095 -0.002120 -0.001355
T195 0.007889 -0.001347 -0.003582 -0.005645 -0.007060 -0.015409 -0.003497 0.003148 -0.009572 -0.013687 0.003297 0.002882 0.002377 0.000773 -0.012797 0.006272 -0.004627 0.005923 -0.009222 -0.003213
T196 0.024100 -0.008714 -0.005000 -0.000579 -0.005401 -0.002925 0.007140 -0.002230 0.004729 0.015371 0.008306 0.007032 0.004065 0.000129 -0.020173 0.013446 0.006454 0.007647 0.003969 -0.003223
T197 -0.004492 -0.004353 -0.008825 0.001913 -0.003322 0.004107 0.004806 -0.004727 0.003298 -0.001472 -0.006178 -0.009607 -0.001054 0.003607 -0.044112 -0.009125 -0.008278 -0.003761 -0.000500 0.005066
T198 -0.014076 0.007286 -0.019420 -0.016430 -0.011372 -0.022644 0.009088 -0.003299 -0.006780 -0.003790 0.004411 -0.000275 -0.008992 0.001540 -0.042457 -0.023280 -0.003439 0.007213 -0.006911 -0.006507
T199 -0.026914 0.010893 -0.005128 -0.042351 -0.035982 -0.027205 -0.004977 -0.005444 -0.018616 -0.010992 -0.019656 -0.018839 -0.023386 -0.012433 0.034070 0.003715 -0.002283 -0.032126 -0.018680 -0.018856
T200 0.025974 -0.000505 0.006271 0.037221 0.030413 0.018592 -0.009938 0.019608 0.020023 0.008976 0.014294 0.013096 0.021853 -0.011421 -0.008932 -0.002311 0.018303 -0.001452 0.005319 0.015514
T201 -0.005132 0.002106 0.022258 0.021555 0.029853 0.024136 -0.006168 0.011582 0.013190 0.002542 0.011434 0.010613 0.007086 0.002888 0.042875 -0.032803 0.003326 0.001177 0.007936 0.010798
T202 0.009629 -0.006136 -0.005616 -0.009333 0.000173 -0.014140 -0.004137 0.013335 0.003467 -0.007183 0.005490 0.006840 0.011614 0.001833 0.009480 -0.003621 0.016874 0.001245 0.010820 -0.007789
T203 0.011989 0.021565 0.014318 0.013341 0.003719 -0.003287 0.017595 0.013658 0.012160 0.010640 0.033657 0.035769 0.017975 0.013198 -0.001837 0.007113 0.016438 -0.005182 0.002779 0.002845
T204 0.002895 -0.010596 -0.001884 -0.003291 0.012771 0.015890 0.009726 0.001665 -0.001138 0.002527 0.013268 0.007668 0.004198 -0.003869 -0.013498 0.002095 -0.003378 0.006736 0.000182 0.001113
T205 -0.014900 0.002427 -0.014267 0.001912 0.006944 0.003099 -0.001665 -0.012091 0.001273 0.003781 -0.020395 -0.015929 0.009714 0.007898 -0.004457 0.004685 -0.003269 -0.001035 -0.009810 0.007102
T206 -0.012196 0.005926 0.004817 -0.016885 -0.008842 0.001765 -0.009172 0.000364 -0.006659 -0.003557 -0.003034 0.031797 -0.018551 0.006166 0.015358 0.000752 0.001820 0.002072 -0.006742 -0.009545
T207 0.004553 0.004730 0.013524 0.011352 -0.005385 0.010426 0.004087 0.004607 0.008725 0.020580 0.001166 -0.002326 0.009265 -0.017873 0.008153 -0.009725 0.005280 -0.003377 0.003509 0.005969
T208 0.001511 -0.000908 0.002665 -0.008258 -0.016294 -0.009956 -0.048132 0.008487 0.026516 -0.011522 -0.009664 -0.007741 -0.005368 -0.000780 -0.008290 0.006456 0.002490 -0.004218 0.006626 -0.005255
T209 -0.002331 -0.000496 -0.001483 -0.007389 -0.003361 0.001627 0.000503 -0.004641 -0.023326 -0.006453 0.005683 0.000950 -0.010754 -0.008976 0.012873 -0.004676 -0.005477 0.006180 -0.005668 -0.000539
T210 0.012644 0.009924 0.004353 -0.001359 -0.014579 0.016979 -0.001509 0.005061 0.008994 0.001257 0.002136 0.005751 -0.013120 0.003019 0.003291 -0.008405 -0.000017 -0.002829 0.011677 0.013159
T211 -0.002783 -0.004504 0.002075 -0.005797 -0.025079 -0.005226 -0.014732 0.011091 0.008913 -0.015903 -0.001845 -0.003720 -0.008947 -0.012171 0.023164 0.012783 0.015069 -0.015779 -0.011088 -0.010717
T212 0.000749 0.005264 -0.000266 0.009342 0.058529 0.017075 0.008307 0.003638 -0.002585 0.007017 0.006701 0.008333 0.006771 0.001457 0.017905 0.014574 0.003421 -0.002039 0.007077 0.005129
T213 -0.004767 -0.000327 -0.004593 0.010199 -0.011202 0.019802 -0.003422 -0.006915 0.003412 -0.000211 0.000701 -0.003765 -0.000677 -0.001984 -0.013132 -0.008268 -0.008094 0.002114 0.006114 0.019343
T214 -0.000342 0.008104 -0.001545 -0.003385 -0.011544 0.006332 -0.003688 0.001759 -0.008533 0.002745 0.007049 0.008653 -0.006687 -0.001591 -0.003486 -0.001114 -0.004605 0.005344 -0.002494 0.005602
T215 -0.003354 -0.003735 -0.004993 -0.007553 0.019784 0.020414 0.004978 -0.009529 -0.004880 0.013269 0.000685 -0.000774 -0.005241 -0.001726 -0.017689 -0.007943 -0.020682 0.001468 0.008002 0.005953
T216 0.001786 -0.010106 0.002675 0.006962 -0.000114 0.018087 0.004699 0.003961 0.014978 0.001247 -0.002947 -0.003859 0.008996 0.000266 -0.011888 -0.006669 -0.009726 0.009707 0.021109 0.008099
T217 0.020773 0.011115 0.001469 -0.012597 -0.003204 -0.002288 -0.003919 0.008812 0.001175 -0.001038 0.005084 0.006714 0.004755 0.011036 0.010457 -0.003279 0.019940 0.001037 0.005610 -0.003570
T218 0.001410 0.002036 0.003924 -0.014479 0.004673 -0.013760 0.008250 0.007115 0.008935 0.009975 0.000119 0.003889 0.009084 0.008943 0.014218 0.010182 0.010764 0.001382 0.000615 -0.008097
T219 0.013548 0.013002 0.004073 -0.001987 -0.032917 -0.013815 0.004280 0.004069 0.006303 -0.004321 0.003685 0.004226 0.009003 0.015771 -0.011789 0.003877 -0.012946 -0.029047 -0.001361 0.005419
T220 -0.006154 0.008263 -0.019359 -0.006637 -0.008269 -0.006657 0.003134 -0.013040 0.000546 0.003513 -0.011629 -0.011915 -0.002863 0.011549 -0.024662 0.001911 0.003481 -0.000426 -0.007165 -0.001209
T221 -0.025501 -0.014003 -0.020305 -0.015305 -0.012757 -0.006981 -0.023366 -0.005374 -0.005168 -0.007002 -0.005321 -0.008872 -0.009156 -0.013193 -0.021482 0.005704 -0.000498 -0.005971 -0.004604 -0.009478
T222 0.002323 0.014444 0.009723 -0.019120 -0.005009 -0.017998 0.010363 0.019626 0.004066 0.000415 0.002515 0.001705 -0.003570 0.008613 0.039811 0.041850 0.008540 0.007580 -0.004670 -0.004295
T223 0.010157 0.004773 0.003463 0.004527 -0.000540 0.005871 -0.002153 0.003423 0.008613 0.004768 0.011128 0.012895 0.005311 0.002804 0.051419 0.005830 0.023172 0.006530 -0.000268 0.000491
T224 0.010257 -0.003800 0.015321 0.004382 0.030163 0.009110 -0.005330 0.013185 -0.003250 0.000206 0.019233 0.019006 0.004906 -0.003813 0.054862 0.011794 0.031489 0.005148 0.000313 0.001227
T225 -0.000602 -0.002702 -0.002114 0.004674 0.044818 0.016222 -0.009058 0.002769 -0.001119 -0.005569 0.009206 0.008712 -0.005132 -0.008420 -0.007515 0.000144 0.003907 -0.000281 -0.011306 0.001400
T226 -0.008421 -0.006056 0.004113 0.030893 0.013739 0.015825 -0.000258 0.002870 0.001184 0.009127 0.003873 0.005787 0.001678 -0.008364 0.019272 -0.010535 -0.001254 -0.018526 0.000181 0.004475
T227 -0.005527 0.005852 0.004820 -0.004032 0.005747 -0.010112 -0.004379 -0.005345 -0.004891 0.002056 -0.005785 -0.004494 -0.007872 -0.006488 -0.006528 0.004639 0.004766 -0.016302 -0.001401 -0.007066
T228 0.007185 -0.007014 0.020999 0.018972 0.012592 0.007592 0.001682 0.024066 0.010343 0.016000 0.017080 0.018124 0.002237 -0.003526 0.025739 0.015996 0.013413 0.005815 0.002036 0.004662
T229 0.030417 0.010836 0.005948 -0.026030 -0.012041 -0.018085 0.002712 -0.000654 0.003211 0.003432 0.006358 0.004073 -0.003748 0.002621 0.002297 0.012989 0.014627 -0.003469 -0.005809 -0.003280
T230 -0.008425 0.003414 -0.003367 0.010349 0.009641 0.003349 0.003863 0.000955 -0.003042 0.010664 -0.000051 0.000740 0.009180 -0.002745 -0.013181 0.005316 0.003101 -0.006381 -0.010225 0.000385
T231 0.004479 0.008151 -0.008145 -0.009159 -0.005575 -0.008344 0.004875 -0.005264 -0.002257 -0.002986 0.002612 0.003580 0.002906 -0.001442 0.002502 0.022629 0.011202 0.005255 0.000415 -0.001785
T232 0.007475 0.008556 -0.002555 -0.014534 0.005951 0.002664 0.002425 -0.005931 0.008791 0.019169 -0.011128 -0.013280 0.007222 0.012339 -0.002005 0.011133 0.014535 -0.011689 0.002766 -0.000736
T233 0.004231 0.003502 0.011750 -0.016970 0.001735 -0.004615 -0.007768 0.006181 -0.006781 -0.001371 0.003855 0.003158 -0.004377 0.001816 0.019959 0.003364 0.027745 -0.000955 -0.012044 -0.011086
T234 0.015489 -0.004266 -0.002190 0.002636 0.014806 -0.004918 -0.012964 -0.004936 0.007051 -0.003532 0.005139 0.003764 -0.011012 -0.016567 -0.007924 0.027399 -0.025846 -0.011250 -0.008888 -0.010607
T235 -0.010084 0.005219 -0.004450 -0.004946 -0.009673 -0.011014 0.011443 0.012704 -0.012831 0.001772 -0.004367 -0.004086 0.010288 -0.008160 -0.014253 -0.001088 -0.011027 -0.005949 0.010563 0.001578
T236 -0.006705 -0.008368 -0.001800 0.002895 0.001174 0.005997 -0.006171 0.000282 0.003562 -0.005700 0.000207 -0.001044 -0.000042 -0.020435 -0.007252 -0.014042 -0.005522 -0.016683 -0.024158 -0.002613
T237 -0.033102 0.006407 0.009443 -0.004204 -0.005982 -0.012631 -0.003363 -0.000652 -0.007228 0.000198 -0.020650 -0.018566 0.002389 -0.005012 0.013573 0.001975 -0.003399 -0.004793 -0.010902 -0.003625
T238 0.003893 -0.016925 0.001626 0.017200 0.007515 0.013655 0.004413 -0.017555 0.009857 -0.010277 0.010879 0.010339 0.008487 -0.003676 -0.014503 -0.015750 -0.013735 -0.006039 -0.004861 0.008357
T239 -0.009562 0.003396 0.005832 -0.012202 0.002816 -0.024674 -0.001034 0.019465 -0.004976 -0.016470 -0.000411 0.001489 -0.000332 -0.005791 0.004063 -0.019566 0.009920 -0.008460 -0.016155 -0.009717
T240 0.006144 0.003463 0.015681 0.011663 0.020317 0.024280 -0.001164 0.006757 0.008303 0.017780 0.012552 0.013224 -0.000622 0.009707 0.004451 0.008844 0.010427 -0.014350 0.004129 0.003535
T241 -0.001610 -0.000392 -0.004688 0.007996 -0.013035 -0.006388 -0.009584 0.001346 -0.004610 -0.008938 -0.005733 -0.005674 0.009254 -0.011537 -0.004431 0.006228 0.006440 0.014480 -0.003966 -0.002408
T242 -0.018348 -0.005101 -0.002661 0.007932 -0.008371 -0.000572 -0.003138 -0.019254 -0.012009 -0.003689 -0.020156 -0.019567 -0.002960 -0.004029 -0.015376 0.004859 -0.008105 -0.007059 -0.009683 -0.002703
T243 -0.021361 -0.015143 -0.022095 -0.020437 0.006610 -0.038022 -0.000787 -0.013260 -0.022986 -0.009669 -0.017294 -0.014776 -0.014021 0.003488 -0.035936 -0.023619 -0.003533 -0.018516 -0.017869 -0.009250
T244 0.003428 0.002082 -0.000468 0.016815 -0.006459 -0.005349 0.002888 0.001533 0.009099 -0.002285 0.004528 0.002260 0.005897 0.000556 0.006300 -0.003980 0.008432 -0.005811 -0.006368 -0.003720
T245 0.016873 -0.003836 0.019552 0.025847 0.034610 0.019420 0.000523 0.013597 0.003607 0.004372 0.009252 0.008994 0.010936 0.000973 0.032712 0.030551 0.012917 0.022658 0.007426 0.003258
T246 0.006719 0.005215 0.007411 0.035047 0.028843 0.038687 0.003140 0.025888 0.014082 0.011816 0.006301 0.006647 0.006786 0.014020 0.024657 0.004419 0.002369 0.025131 0.018428 0.014777
T247 0.000613 -0.007422 0.001229 0.013613 0.006399 0.004232 -0.000522 0.000953 -0.000354 -0.007171 0.005686 0.007074 0.006700 0.007666 -0.017837 -0.001466 0.003147 -0.011532 0.010311 -0.000899
T248 -0.010550 -0.030474 -0.000139 0.005975 -0.005953 0.015173 -0.008091 -0.018878 -0.003384 0.005778 -0.007936 -0.008037 0.006858 -0.003397 -0.019066 0.000422 -0.025138 -0.012748 0.000785 0.006658
T249 -0.023801 -0.015260 -0.027394 -0.020535 -0.017674 -0.012317 -0.002500 -0.038800 -0.030012 -0.009643 -0.037576 -0.037158 -0.017492 -0.000545 -0.044367 -0.014832 -0.057023 -0.011504 -0.013924 -0.010475
T250 0.006483 0.006064 -0.003136 -0.009241 -0.022579 0.002242 0.016618 0.003523 -0.002634 0.009737 -0.012211 -0.010870 0.002092 0.024141 -0.008793 0.026051 0.008979 0.014172 0.002784 0.001806
T251 -0.009312 -0.011133 -0.009296 -0.023376 -0.001661 -0.018873 -0.019460 -0.013566 -0.019255 -0.066065 -0.009333 -0.005043 -0.012977 0.000266 0.009699 0.018830 0.006877 -0.002654 -0.028114 -0.015688
T252 0.008127 -0.007788 0.004991 0.038262 0.034542 0.014249 0.000000 0.008266 0.015236 0.007469 0.023990 0.021447 0.007548 0.083744 0.001255 0.004604 0.016922 -0.007827 0.029233 0.010149
T253 -0.024606 -0.014333 -0.023392 -0.007359 0.001486 0.001545 -0.006880 -0.034230 -0.010744 0.013956 -0.019767 -0.021118 0.000617 0.020885 -0.048694 -0.015983 -0.023436 -0.010256 0.018687 -0.007508
T254 0.014159 0.003029 0.019897 0.012163 -0.011051 0.017394 -0.008526 0.015228 0.010792 -0.007097 0.018032 0.017683 0.008804 -0.018051 0.036438 0.052142 0.025001 -0.000478 0.021702 0.016116
T255 0.006307 0.005264 0.006922 -0.007782 0.006521 -0.001517 0.009137 0.002362 -0.005976 0.006065 0.008643 0.011336 0.007666 -0.011520 0.012176 0.006758 -0.006410 -0.006380 0.011764 0.007804
T256 0.009085 0.012190 0.010516 0.007631 0.008496 -0.003176 0.006525 0.007117 0.010505 0.000646 0.013334 0.012067 0.004937 0.015869 0.018116 -0.011344 0.013601 -0.011396 -0.002636 0.009742
T257 -0.002722 0.004071 -0.002166 0.004934 0.002175 0.002216 0.000000 -0.012292 -0.009928 0.005379 0.006254 0.004026 -0.002497 -0.015988 -0.011578 0.001282 -0.031885 -0.015912 0.021710 0.004206
T258 -0.000630 -0.012754 -0.001035 -0.009649 -0.002813 -0.009261 0.002778 -0.010751 -0.004558 -0.000428 -0.008629 -0.006235 -0.004521 -0.008681 -0.006529 -0.008883 -0.002801 -0.033245 -0.007252 -0.011297
T259 -0.009103 0.003765 -0.014340 0.008359 -0.001098 -0.014509 -0.001715 0.003121 0.003290 0.009420 -0.015373 -0.017745 -0.008354 -0.004254 -0.001160 -0.003349 0.021564 -0.007765 -0.006980 -0.008223
T260 -0.004240 -0.002728 -0.000556 -0.035390 -0.000880 -0.005379 0.005286 0.014970 0.017511 0.016331 0.008682 0.008303 -0.007648 -0.008041 0.012965 0.007713 0.016340 0.001548 0.011433 -0.002584
T261 0.020226 0.008752 0.025958 0.016536 0.013681 0.007686 0.006967 0.016525 0.025848 0.015651 0.025468 0.025941 0.007830 -0.007853 0.038541 0.006415 0.021301 0.024043 0.025434 0.013458
T262 0.007512 -0.000681 0.011355 0.025071 0.016874 0.021045 -0.004569 0.015410 -0.001716 0.000616 0.001860 0.001537 -0.009405 0.000000 0.005334 -0.008694 0.015543 -0.014255 0.017259 0.009125
T263 0.011806 -0.005702 0.000218 0.005745 -0.014265 -0.009407 -0.012721 0.022457 -0.000876 -0.011704 0.009074 0.009974 0.000041 -0.015064 0.016467 0.015407 0.004584 -0.001531 0.003420 -0.005700
T264 0.015080 0.021572 0.013966 0.002771 -0.015599 0.002095 -0.006642 0.014595 0.008799 -0.004779 0.006026 0.003215 0.002105 0.030330 0.003060 0.001615 0.021059 0.010053 -0.000752 0.007927
T265 0.003361 0.033266 -0.001959 0.012915 -0.032041 0.000836 0.010359 -0.003963 0.001738 0.011065 -0.009783 -0.010249 -0.012563 0.019877 -0.008390 -0.021690 0.001264 0.028509 0.009966 0.009339
T266 0.001474 0.014111 0.009345 -0.011860 0.011304 -0.018240 -0.002796 0.013707 0.000289 -0.004130 0.002567 0.000825 0.007008 0.001233 0.026648 0.044822 0.007679 -0.041742 0.014342 -0.002330
T267 -0.005285 0.013355 0.002451 0.054150 -0.006860 0.012197 0.008145 0.021527 0.009123 -0.000207 -0.029104 -0.030443 -0.012262 -0.000246 0.001498 0.017791 0.000452 0.000171 0.027283 0.008437
T268 -0.000337 -0.001105 0.012922 -0.025497 0.007680 -0.007566 -0.004768 0.019905 0.008053 -0.005600 0.001068 -0.000869 -0.004613 0.006285 0.019361 0.010349 0.003204 -0.008043 0.011322 0.003527
T269 0.004575 0.012245 0.022602 -0.007460 0.012454 -0.002541 0.013575 0.010040 0.000284 0.003337 0.006478 0.013543 -0.003876 0.007225 0.066952 -0.004675 -0.017624 0.003709 0.001831 0.002033
T270 -0.003148 -0.003278 -0.020155 -0.016137 -0.006115 -0.004812 -0.003414 0.007427 0.006945 -0.012679 0.048367 0.049595 0.026690 -0.008632 -0.010762 -0.008377 -0.017659 0.002234 -0.005567 -0.010555
T271 0.024992 0.000000 0.012349 -0.019211 0.000692 0.008107 0.012912 0.003719 -0.003166 -0.061474 -0.002039 -0.002520 0.011412 0.061442 0.020040 0.016789 0.034509 -0.004973 0.012198 0.006741
T272 -0.018156 0.009240 0.003965 -0.004753 -0.003700 -0.017195 -0.008975 0.017192 0.003900 -0.010543 0.014655 0.015064 0.000204 0.017331 0.025099 0.024123 0.014628 -0.008704 -0.003714 -0.009354
T273 -0.005608 0.000388 -0.006809 0.002474 0.028466 0.006507 -0.003150 -0.027445 0.011811 -0.001360 -0.030326 -0.030727 0.020485 -0.002385 0.010169 -0.013240 -0.022615 0.007215 -0.008036 -0.002683
T274 0.007116 -0.009539 0.017082 -0.005970 -0.014403 -0.014510 0.004213 0.015736 0.014243 0.002270 0.014530 0.013488 -0.005348 0.013434 0.022225 -0.005065 0.006760 -0.000518 0.004092 0.005904
T275 0.009799 0.007752 0.009868 -0.003234 -0.007539 0.005831 0.013111 0.007245 0.002565 0.018346 0.006355 0.008014 0.004654 -0.003819 0.007462 0.015596 0.001573 0.053022 -0.004076 0.002744
T276 -0.003498 0.003030 0.011523 -0.000464 0.000690 -0.028985 0.000259 0.004511 0.009409 -0.007785 0.012896 0.011388 0.012221 0.020974 0.120423 -0.028898 0.020446 0.005823 -0.009438 -0.003567
T277 0.003582 -0.036564 0.018775 0.024112 0.074665 -0.000149 0.007116 -0.017085 0.001478 0.013226 0.003753 0.003942 0.004932 -0.098631 -0.001644 -0.033932 -0.013851 0.000163 0.006872 0.000660
T278 -0.005552 0.019538 0.000054 0.019016 0.007976 0.021794 -0.001285 0.000423 0.016687 -0.002876 0.000740 0.001203 -0.006321 0.013111 0.035359 0.008874 0.000390 -0.014755 0.002596 0.003196
T279 0.002459 -0.002918 -0.002057 -0.001055 0.003159 -0.006720 0.003988 -0.004015 0.003229 -0.006213 -0.000690 -0.000755 -0.001778 0.000484 -0.004772 0.006969 -0.001459 -0.008274 0.006473 -0.008483
T280 -0.019163 0.010994 -0.016189 0.008506 -0.029613 0.003236 0.005509 -0.014361 -0.005907 -0.000893 -0.017571 -0.020313 0.001900 0.015595 -0.039077 -0.013842 -0.029453 -0.002586 0.002241 -0.003597
T281 -0.000338 -0.004459 0.012081 -0.000496 -0.035310 0.009676 -0.006244 0.004785 -0.002852 0.003352 0.000832 -0.000871 -0.011733 0.000119 0.031603 0.016494 0.012431 -0.009034 -0.004057 -0.002348
T282 0.014337 0.009430 0.014080 0.003254 -0.011049 0.004211 0.000513 0.033154 0.004052 0.000446 0.019745 0.019974 0.002039 -0.000238 0.000000 0.038064 0.017887 -0.001942 0.007815 0.004708
T283 0.000067 0.007707 0.004528 0.006817 -0.019024 -0.006073 0.003460 -0.001356 -0.008931 0.006233 -0.001721 -0.001520 0.009056 -0.003691 -0.012011 -0.004805 -0.012771 -0.003975 -0.004042 -0.004615
T284 0.006667 0.011202 0.005302 -0.012068 -0.010262 -0.014548 -0.005364 0.031335 -0.003114 -0.016593 -0.002089 -0.003880 -0.001898 0.005018 0.005928 0.011879 0.014621 0.005010 0.000083 -0.004602
T285 0.016490 -0.017343 0.001530 -0.007241 -0.005861 -0.013138 -0.003853 -0.016570 -0.004475 -0.000675 -0.000094 0.001156 0.000911 -0.017953 -0.031189 0.006241 -0.011003 -0.009885 -0.007164 -0.006246
T286 0.028536 -0.007619 0.009076 -0.018930 0.004057 0.003889 -0.015339 -0.009637 -0.001448 -0.009230 0.011049 0.012101 0.003126 0.005448 0.082499 -0.013980 -0.013271 -0.001792 0.002044 -0.003409
T287 0.016976 -0.006268 -0.010595 -0.015152 -0.015147 -0.011474 0.010603 0.100804 0.003595 -0.013860 -0.005020 -0.006087 -0.006036 -0.028296 0.041358 -0.004721 0.000192 -0.011626 0.004454 -0.002281
T288 0.002928 -0.012457 -0.027149 -0.015213 -0.018316 0.010552 0.004664 -0.044357 -0.007376 0.013594 -0.019166 -0.017623 0.006073 0.011648 -0.031196 -0.028874 -0.028981 -0.015309 0.010775 0.017786
T289 0.002422 -0.006227 0.003326 -0.000292 0.019154 0.015364 0.004770 0.013603 0.001547 0.005683 -0.002186 -0.003554 0.008561 0.014209 -0.006572 -0.007797 -0.029663 0.014141 0.014186 0.012598
T290 0.003284 0.004740 0.006503 0.004448 -0.007693 -0.011606 -0.002182 0.019936 -0.009084 -0.003617 -0.000269 0.002319 0.005711 -0.006280 0.029232 0.006467 0.019469 -0.008488 -0.003113 -0.004436
T291 -0.031678 0.006476 -0.021728 -0.086184 -0.072127 -0.026457 -0.009002 -0.024986 -0.020413 -0.007713 -0.026660 -0.026944 -0.027615 -0.037919 -0.035839 0.011165 0.000370 -0.008298 -0.027616 -0.014585
T292 0.021874 0.017080 0.032474 0.006632 0.012270 -0.007023 0.008435 0.041610 0.000530 -0.005944 0.023164 0.023544 0.001160 -0.053942 0.059455 -0.002704 0.035825 -0.001145 -0.001376 -0.003426
T293 0.031577 -0.017652 -0.018889 -0.035221 -0.036737 -0.020603 -0.034616 -0.060979 -0.008106 -0.019319 -0.025063 -0.024964 -0.017355 0.000267 -0.020973 -0.033050 -0.037335 -0.040476 -0.015953 -0.019247
T294 -0.003206 0.007712 0.001951 -0.014708 -0.016576 -0.018524 0.004932 0.017768 0.000471 0.008208 -0.005855 -0.005962 -0.001717 -0.006274 -0.037861 -0.037592 -0.074309 -0.019208 -0.010142 -0.006108
T295 -0.006130 0.012940 -0.004164 0.044716 0.050759 0.020633 0.001194 0.012397 0.021341 0.005118 0.015242 0.013573 0.018920 -0.007389 0.021982 -0.002104 0.039695 0.034108 0.029282 0.014873
T296 -0.011725 0.014722 0.010263 -0.005294 -0.026470 -0.016455 0.017090 -0.035946 -0.010185 0.016431 -0.008736 -0.006746 0.002130 -0.007443 -0.044606 -0.023261 -0.016459 0.021838 0.001458 -0.005948
T297 0.021503 0.016888 0.012291 0.030396 0.053366 -0.003824 0.023577 -0.004043 0.013502 0.011612 0.008953 0.008123 0.025909 0.001091 -0.021373 0.017538 0.005594 0.025361 0.023416 0.014238
T298 0.035446 -0.000378 0.044993 0.039022 0.007969 0.006078 -0.009799 0.043326 0.017291 0.001350 0.029486 0.028741 0.016107 -0.015527 0.079569 0.021038 0.075989 0.013145 0.005730 0.012759
T299 0.022783 -0.000378 -0.003117 0.011860 0.027692 -0.006995 -0.000643 -0.000356 0.007682 0.000675 0.004621 0.006227 -0.001270 0.012867 -0.018534 0.003996 0.003648 -0.020487 0.000525 -0.004386
T300 -0.002970 0.001209 -0.008733 -0.005387 -0.017159 -0.005123 0.003087 -0.011217 -0.003211 0.001572 -0.004132 -0.003698 0.010633 -0.004781 -0.041978 -0.027194 -0.035536 -0.006623 -0.001414 0.002820
T301 0.028013 0.013884 0.082719 -0.005892 -0.013781 -0.023013 0.018846 0.018692 0.005660 0.011213 0.003842 0.002459 0.010025 -0.003294 -0.009577 0.001080 0.007553 0.006843 0.004894 0.013040
T302 -0.020674 0.011833 -0.015862 -0.022331 -0.038835 -0.008730 0.021014 -0.013585 0.000569 0.005988 -0.013254 -0.014696 -0.007095 0.011016 -0.067455 -0.011608 0.013818 0.002091 -0.010947 0.006176
T303 -0.008023 -0.022213 -0.010858 -0.002756 -0.011435 0.007644 0.012201 -0.043754 0.000927 0.000882 -0.011820 -0.013163 -0.002167 0.013612 0.006250 -0.010867 -0.047642 0.019998 -0.004598 0.017310
T304 0.028509 0.019708 0.040575 -0.003745 0.002565 -0.006596 0.007671 0.012526 0.020508 0.012335 0.016541 0.017608 0.007619 0.021297 0.074884 0.011789 0.035778 0.009462 0.010261 -0.001525
T305 -0.039264 0.003910 -0.029975 0.004684 0.016208 0.013778 0.014379 -0.020896 -0.003955 0.030244 -0.017168 -0.013630 0.003894 0.008235 -0.068026 -0.023106 -0.058822 0.018240 0.004977 0.018976
T306 -0.006502 0.007495 0.023007 -0.018343 0.021040 -0.025053 -0.017510 -0.021594 -0.018176 0.019008 -0.014054 -0.018831 -0.014498 -0.002898 -0.020643 -0.007326 0.010920 -0.006386 -0.018125 -0.021688
T307 -0.008122 -0.015535 0.015859 -0.025748 -0.000774 -0.021162 0.000485 -0.025215 -0.010514 -0.002902 -0.002812 -0.000833 0.000115 0.009513 -0.002950 0.011948 -0.016666 -0.006844 -0.008447 -0.013792
T308 0.019087 0.002149 0.008285 0.032202 0.071081 0.018874 -0.005211 0.027190 0.007780 -0.007067 0.012774 0.013174 0.010163 -0.011386 0.048920 0.018830 0.042866 0.017733 0.006566 0.012534
T309 0.015319 0.027500 0.013865 0.009695 0.008213 0.003705 0.004507 0.017051 0.007390 0.000213 0.018919 0.020509 0.002080 0.008207 0.011178 0.015407 0.019974 -0.004459 0.002766 0.003990
T310 0.003644 0.001223 0.014652 0.010587 0.007157 0.010235 0.004002 0.006412 0.011391 -0.003840 0.001317 0.003425 0.003812 -0.005646 0.008163 -0.000244 0.007206 -0.005392 0.011322 0.000272
T311 0.022975 0.016527 0.014260 0.001218 -0.003222 0.007308 0.013528 0.026836 0.012531 0.001927 0.006262 0.006739 0.008610 0.011092 0.044028 -0.001580 0.022681 -0.011092 0.009404 0.007403
T312 -0.005767 -0.006999 -0.007831 0.000122 -0.003174 -0.000495 0.006555 -0.004580 0.001077 0.012610 -0.010914 -0.008245 -0.001342 0.003134 -0.020133 -0.003931 -0.013991 -0.003542 0.005162 0.005461
T313 0.000502 0.005126 0.005396 -0.003528 -0.000934 -0.001320 0.005328 -0.002693 0.004683 0.000422 0.000386 -0.000218 0.002277 0.001822 -0.010586 -0.000278 0.000887 -0.004401 0.007222 0.003922
T314 -0.006578 -0.001346 -0.011195 0.002014 0.004713 -0.001817 -0.003769 -0.007206 -0.003098 -0.003165 -0.003427 -0.003099 -0.004767 0.002469 -0.013833 0.002539 -0.000061 -0.009605 -0.005936 0.001737
T315 -0.003535 -0.001844 0.000496 -0.003411 0.001382 -0.000662 0.008866 -0.000218 0.006099 0.002963 -0.009061 -0.009224 0.003218 -0.006482 -0.005915 -0.015766 -0.008296 -0.004549 0.009578 -0.003267
T316 0.025004 -0.012079 -0.003141 0.028179 0.025921 0.044875 -0.008788 -0.018267 -0.022486 0.012239 0.002730 0.000963 0.001902 0.003001 0.024141 -0.008416 -0.029225 -0.013364 -0.016513 0.005987
T317 -0.012692 -0.023518 0.011457 0.032103 0.001426 0.007765 0.003310 -0.020824 0.018220 0.022097 -0.004536 -0.004083 -0.000261 0.001821 -0.027589 -0.010412 -0.041578 -0.003234 0.017193 0.025732
T318 -0.026600 -0.004493 -0.041614 -0.010656 -0.020946 -0.011637 0.004124 -0.039818 0.004640 -0.007954 -0.046830 -0.045876 -0.004916 0.024283 -0.057562 -0.039973 -0.051628 0.011398 0.003016 0.004505
T319 -0.016693 -0.000148 -0.009285 0.009163 0.006908 0.032777 -0.006571 -0.012313 -0.024248 0.011719 -0.000745 -0.000200 0.009357 -0.000634 0.020794 -0.025074 0.002235 0.001820 0.002769 0.010648
T320 0.000988 0.003108 -0.028068 0.008560 0.001897 0.013403 -0.002599 -0.030988 -0.005118 0.011380 -0.003973 -0.005303 -0.009752 0.018648 -0.033040 -0.022104 -0.013327 -0.050446 0.005089 0.020944
T321 0.000116 -0.002213 0.003246 -0.003670 -0.003360 0.003800 -0.008645 0.004634 -0.002528 0.015471 0.011456 0.012060 -0.009923 0.025778 0.005615 -0.002236 0.009905 -0.036450 -0.017662 -0.002658
T322 0.016784 0.003253 0.001433 0.009440 0.017730 0.016356 -0.006451 0.014960 0.002981 -0.020973 0.010417 0.007691 -0.008661 -0.008498 0.015219 0.001834 0.011259 0.049461 -0.015423 0.002728
T323 0.002570 -0.014591 -0.000080 -0.005189 -0.013493 0.002533 -0.003607 -0.002523 0.014446 0.000202 0.011645 0.012126 -0.004578 -0.005755 0.006543 -0.006693 -0.008730 -0.001081 0.002354 0.001845
T324 -0.019028 -0.027017 -0.039887 -0.006763 0.009392 0.007432 -0.003982 -0.042165 -0.023089 0.016569 -0.017769 -0.020105 0.001878 0.001478 -0.050859 -0.033543 -0.090915 -0.006585 0.002510 0.002715
T325 0.005111 -0.011492 -0.001373 -0.028219 -0.003266 -0.012541 0.011025 -0.003852 -0.014337 0.009938 0.004711 0.006447 -0.014154 0.000738 0.013810 0.012500 0.018724 -0.014530 -0.005452 0.008934
T326 -0.018894 -0.012406 -0.031155 -0.013242 -0.027230 -0.024354 -0.003954 -0.023548 -0.022731 -0.006889 -0.025009 -0.024968 -0.004773 0.001966 -0.038564 -0.028325 -0.016346 -0.014836 -0.033419 -0.011847
T327 -0.021025 -0.004108 -0.023919 -0.028766 -0.002986 -0.016233 0.011309 0.014001 0.003207 -0.007332 -0.004685 -0.006482 -0.004913 -0.003066 -0.032274 0.009906 -0.002010 -0.014311 0.006091 -0.017297
T328 -0.010347 -0.010631 -0.028814 -0.002912 0.023790 0.003425 -0.009160 -0.001339 -0.001583 0.004791 -0.015816 -0.013388 -0.008189 -0.006643 -0.036582 -0.014752 -0.012066 -0.012526 0.010773 -0.011882
T329 -0.012765 0.008981 -0.026455 -0.013547 -0.036069 -0.018461 0.010019 -0.029507 -0.017284 -0.000199 -0.025576 -0.022174 0.005768 -0.009536 -0.032132 -0.217905 -0.014097 -0.023448 0.017598 -0.018617
T330 -0.004864 -0.015974 0.015659 0.001197 0.001603 -0.009009 0.000000 0.011598 0.000126 -0.007353 0.002152 0.003471 -0.003849 -0.014379 -0.000086 -0.026038 0.035648 0.049498 -0.004993 -0.004882
T331 -0.011385 -0.004442 -0.013738 0.089222 -0.008767 0.022488 -0.023067 -0.034956 -0.008129 0.001602 -0.027893 -0.029579 -0.011553 0.007992 -0.044840 -0.053545 -0.058497 -0.009189 -0.003998 0.011392
T332 -0.000563 -0.025959 0.043022 0.012767 0.017866 0.009983 -0.004282 -0.016493 -0.014860 -0.011193 0.019762 0.018104 -0.003311 -0.004027 0.020068 -0.018340 -0.021532 -0.013722 0.003113 0.006739
T333 -0.002943 0.003082 -0.026583 -0.019507 -0.004632 -0.009266 0.016095 0.019193 0.007834 0.017586 -0.000921 -0.001764 -0.004443 0.018196 -0.036361 0.075063 0.091388 0.017367 -0.001184 -0.005141
T334 0.069778 0.040767 0.032804 0.030018 0.022584 0.008418 0.004232 0.034028 0.011530 0.002781 0.032284 0.033689 0.029549 0.003971 0.040831 -0.006051 0.061265 0.024710 0.005478 0.016999
T335 0.026126 0.016833 0.046027 0.015588 0.017899 0.006647 -0.007225 0.038162 0.011876 0.007924 0.018074 0.014642 0.013121 0.007169 0.072067 0.111302 0.044022 -0.004418 -0.005611 0.000383
T336 -0.000972 -0.002040 0.011675 0.020687 0.003872 0.022113 -0.006428 0.010086 0.008566 -0.004717 0.016065 0.017298 -0.001773 0.005400 0.006207 0.070211 0.001297 0.012758 0.008833 0.003003
T337 0.007044 0.022327 0.018069 0.003378 -0.010001 -0.004958 0.010742 0.002621 0.002738 -0.002765 0.073674 0.075238 0.012703 0.001099 0.024515 -0.060486 -0.009189 0.000274 0.018442 0.017964
T338 -0.016720 0.000538 -0.037419 -0.000652 -0.001417 -0.014646 -0.000845 -0.047501 -0.032548 -0.001584 -0.036383 -0.033176 -0.006253 -0.036581 -0.051264 -0.055602 -0.034931 0.102208 -0.027501 -0.013673
T339 -0.001679 -0.003074 0.016028 0.009835 0.002219 0.020540 -0.019461 0.015740 -0.044323 -0.004562 0.002562 0.001419 -0.002225 -0.005695 0.015492 0.011267 0.029723 0.001325 -0.008021 -0.000761
T340 -0.004235 -0.012798 -0.004287 0.010869 0.016423 0.004237 0.000000 0.002316 -0.005067 0.003985 -0.028514 -0.028557 -0.000807 -0.012474 0.016818 -0.019675 -0.007480 0.009178 -0.005116 0.004826
T341 0.018467 0.004686 0.021425 0.032629 0.023491 0.011453 -0.002466 0.016414 0.007555 0.000595 0.001979 0.001422 0.000885 -0.008636 0.015367 0.003556 0.031525 0.027775 0.007464 0.015576
T342 0.008294 0.014302 0.018527 0.012371 0.033683 0.010727 -0.000618 0.045414 0.018212 0.003570 0.016090 0.015732 -0.000846 -0.004941 0.063605 0.023195 0.038392 0.021046 0.014571 0.002924
T343 -0.023599 -0.020921 -0.032682 -0.004531 0.000533 -0.005012 -0.014221 -0.037660 0.015453 -0.008300 -0.020152 -0.020990 -0.011506 0.000392 -0.032990 -0.016033 -0.005717 -0.023032 -0.017729 -0.007848
T344 -0.020218 -0.017768 -0.030337 -0.018925 -0.037426 -0.005185 -0.002383 -0.039044 -0.045718 0.003786 -0.032268 -0.031290 -0.006657 0.001045 -0.072607 -0.036823 -0.043803 -0.005195 -0.013671 -0.002220
T345 0.001423 -0.021595 0.008999 0.002815 0.006186 -0.010276 -0.003395 -0.012617 -0.004139 -0.005559 0.008723 0.009260 -0.006937 -0.002218 0.013278 0.013442 -0.007092 0.008274 0.015661 -0.015228
T346 0.023152 0.009774 0.041809 0.029270 0.035158 0.008125 -0.008580 -0.002400 0.028585 0.004592 0.008319 0.007987 0.001658 0.017523 0.091812 0.027460 0.020843 0.012111 0.027912 0.006109
T347 -0.001389 -0.002420 -0.009224 0.002020 0.025843 -0.000746 -0.003054 0.000701 0.006393 0.005763 0.007784 0.008268 -0.002837 -0.007583 0.000604 -0.023021 -0.001301 0.003385 0.018009 -0.001739
T348 -0.021269 -0.025065 -0.030492 -0.013459 -0.029339 -0.033458 0.010340 -0.060532 -0.015996 0.015017 -0.037669 -0.037746 -0.008535 -0.011137 -0.075591 -0.028663 -0.042546 -0.022831 -0.011111 -0.006653
T349 -0.009356 -0.031431 0.001710 -0.004241 -0.002874 -0.008809 0.005054 -0.030191 0.013011 0.007203 -0.013915 -0.016116 -0.001315 0.000131 -0.035296 0.011948 -0.017216 -0.004576 0.000797 0.003987
T350 -0.017812 0.006165 -0.004362 -0.012521 -0.037528 -0.003898 -0.008799 0.004260 -0.030608 -0.008891 -0.008163 -0.004521 0.008380 -0.005499 -0.010659 -0.035549 -0.010539 -0.003791 -0.019587 -0.002033
T351 -0.025864 -0.002213 -0.021248 -0.018136 -0.019216 -0.010487 -0.002663 -0.033626 -0.008515 0.013066 -0.014045 -0.017144 -0.019430 -0.001448 -0.042882 -0.026287 -0.046260 -0.016760 -0.005888 -0.013274
T352 0.016680 0.012537 0.026204 -0.003175 -0.070786 -0.040336 -0.038911 0.064518 -0.020063 -0.045814 0.039883 0.039996 -0.011139 -0.030723 0.060794 0.061422 0.093863 0.018281 -0.011151 -0.005516
T353 0.012966 0.031082 0.013810 0.028458 -0.005900 0.021592 0.033871 -0.020015 0.042910 0.038532 0.013914 0.013328 0.018039 0.038226 0.017223 0.001974 0.010942 0.014556 0.022830 0.035552
T354 0.001638 -0.014623 -0.000969 0.004285 -0.047869 -0.044369 -0.015229 -0.026294 -0.014286 -0.003691 0.002762 0.004444 -0.013303 0.003407 0.009438 0.009519 -0.000534 -0.017934 -0.001867 0.006923
T355 -0.011628 -0.020312 -0.029484 -0.084713 -0.046150 -0.010805 -0.011826 -0.012206 -0.036420 0.005459 -0.005360 -0.007371 -0.020999 -0.003134 -0.037236 -0.020988 -0.015261 -0.000649 -0.014312 -0.014341
T356 0.020589 0.018533 0.027468 0.012636 0.044170 0.016556 0.008680 0.037176 0.027039 0.024045 0.004349 0.003804 0.005467 0.004323 0.031824 -0.016078 0.028000 0.020141 0.041001 0.021462
T357 -0.001981 0.005068 -0.012257 -0.002329 -0.028407 -0.032572 0.009126 -0.027366 -0.009614 0.006817 -0.003291 -0.004994 -0.017805 0.006261 -0.020892 -0.031471 -0.042159 -0.013454 0.012244 0.012668
T358 -0.018408 0.003637 0.030055 -0.038579 -0.055669 -0.017876 -0.000517 -0.016395 -0.020807 0.006018 -0.016276 -0.014885 -0.003550 0.008814 -0.032808 -0.017225 -0.027102 -0.005568 0.035896 -0.007323
T359 -0.023718 -0.021003 -0.042434 -0.079907 -0.084573 -0.018378 -0.008790 -0.059275 -0.037096 -0.011965 -0.042820 -0.041908 -0.048683 -0.001285 -0.069062 -0.031709 -0.050176 -0.007466 -0.011979 -0.008053
T360 -0.011676 -0.023136 0.009199 0.005782 0.045329 -0.012241 -0.023604 0.011020 0.001660 -0.037086 0.006437 0.005745 -0.006865 -0.010035 0.007587 -0.024268 -0.002733 -0.024773 -0.030559 -0.013014
T361 0.034997 0.019636 0.036583 0.053733 0.071565 0.019683 0.008949 0.050949 0.078581 0.002161 0.051756 0.049687 -0.001436 0.010916 0.069722 0.049830 0.079853 0.022468 0.000789 0.021600
T362 -0.027186 -0.011741 -0.015561 0.005633 -0.002510 -0.019124 -0.022505 -0.026617 -0.027846 0.004510 -0.008845 -0.007424 -0.002113 0.001286 -0.015469 -0.005630 -0.046446 0.012955 0.023574 -0.000307
T363 -0.023909 -0.025470 -0.016811 -0.010024 -0.006383 -0.013120 -0.000948 -0.028848 -0.009595 -0.014640 -0.016630 -0.019324 0.021937 0.004751 -0.024627 -0.046108 -0.040181 0.008337 0.007202 0.003996
T364 -0.026562 0.013156 -0.017392 0.029124 -0.008650 0.001292 0.002575 -0.033438 0.016384 0.001189 -0.028622 -0.030180 -0.003041 0.002707 -0.034841 -0.027357 -0.033291 -0.004014 -0.014760 0.010349
T365 0.029677 0.016967 0.043959 0.018809 0.040116 0.016227 0.020687 0.035443 0.030628 0.019786 0.023035 0.025780 0.028252 0.011057 0.077028 0.038488 0.038618 0.017812 0.009586 0.007788
T366 0.029015 0.017024 0.024226 0.025960 0.058774 0.030666 -0.004504 0.041439 0.035464 -0.005045 0.031081 0.031599 0.023950 -0.006613 0.066295 0.040087 0.064525 0.011720 0.015454 0.010705
T367 0.006454 0.014396 -0.007330 0.035214 -0.018752 0.008627 -0.000266 0.034615 0.015894 0.007995 0.006807 0.004190 -0.002813 0.010497 0.011022 0.038794 0.035221 0.009314 -0.002233 0.026360
T368 0.020919 0.010313 0.012843 0.020056 0.011647 0.001047 -0.038999 0.012918 0.007402 -0.000193 0.016352 0.017084 0.006106 0.002153 0.068117 0.024771 0.023294 -0.013726 -0.008499 -0.007421
T369 0.008538 -0.005635 -0.008280 -0.008546 -0.011398 -0.006452 0.027009 -0.027862 -0.003080 0.011029 -0.002361 -0.000176 -0.015068 -0.000632 0.010623 -0.015791 -0.017383 -0.009514 0.012207 0.021173
T370 0.020801 0.001068 0.016714 0.011846 0.018770 0.009126 0.004720 0.020343 0.004603 0.020287 0.027836 0.027674 0.011899 0.003036 -0.007855 0.022238 0.033099 -0.002223 0.005104 0.000772
T371 0.008234 -0.040774 -0.019564 -0.027753 -0.019169 -0.020000 -0.011678 -0.030568 -0.015474 -0.001688 -0.012646 -0.011386 -0.008399 0.005422 -0.033555 -0.022015 -0.035165 -0.006842 0.006846 -0.005058
T372 0.022678 0.007697 0.045130 0.015428 0.047339 0.001242 0.000272 0.009080 0.034950 0.003440 0.020277 0.023840 0.017533 0.008529 0.098151 0.003258 0.023118 0.006889 0.009452 0.012092
T373 0.003734 0.009591 0.003895 0.007359 -0.006216 0.005672 0.015343 -0.013487 0.002201 0.021333 0.001483 0.000713 0.005494 0.011566 -0.016270 -0.004951 -0.033076 -0.011138 0.011731 0.018134
T374 0.005037 0.008743 0.006376 -0.003048 0.012852 -0.014452 0.008157 0.046043 0.012236 -0.029653 0.003028 -0.001535 0.005630 -0.001598 0.019031 0.012465 0.037179 0.017700 0.007170 0.002258
T375 0.019135 0.001667 0.013573 0.006537 0.041769 0.009836 0.010744 0.010114 0.011468 -0.006727 0.009158 0.007423 0.021528 0.004433 0.015486 0.035164 0.025722 0.015337 -0.006283 -0.012376
T376 -0.006650 0.001581 -0.016182 -0.006180 -0.018521 -0.026563 0.002100 -0.027629 -0.002206 0.007159 -0.004227 -0.003979 0.003465 0.010176 -0.033710 -0.026415 -0.039749 0.001402 0.011257 0.007012
T377 -0.017776 -0.016780 -0.002234 -0.014545 0.008789 -0.028561 -0.006941 0.018837 -0.019010 0.003842 -0.020996 -0.020227 -0.007027 -0.004248 -0.014590 -0.018036 -0.029791 -0.002022 -0.012577 -0.013143
T378 -0.001718 0.001859 -0.004288 0.000909 0.008252 -0.020038 0.007781 0.006426 0.010331 0.008804 0.007523 0.007787 0.007967 0.017916 -0.021036 -0.002990 -0.014725 0.018777 -0.048497 -0.002919
T379 0.023694 0.002530 0.012552 0.002618 0.003015 0.008982 0.002225 0.044883 -0.003997 0.000190 0.020913 0.020128 -0.009709 -0.000359 0.024259 0.048277 0.047623 0.013995 -0.008540 -0.018330
T380 -0.018942 0.005047 -0.032653 -0.012043 -0.032409 -0.023106 0.011229 -0.018985 0.001026 -0.001517 -0.017958 -0.016650 0.006806 0.002755 -0.052230 -0.028991 -0.037577 -0.004751 -0.021844 -0.001824
T381 -0.018451 0.003850 -0.019735 -0.009115 -0.033011 -0.020357 0.017559 -0.011773 -0.020884 0.022606 -0.027555 -0.028757 0.011871 0.014931 -0.058771 -0.031040 -0.045678 0.013262 -0.036413 -0.000261
T382 0.001804 0.028597 0.001744 -0.004367 -0.004023 -0.009895 0.020429 0.009792 0.009522 -0.001858 -0.005183 -0.004830 0.011533 0.021537 -0.008153 -0.016832 0.003466 -0.003216 0.007945 0.005222
T383 -0.011909 -0.000973 -0.026615 0.007183 -0.020685 0.016990 -0.002114 -0.023244 -0.000723 0.007072 -0.017986 -0.019141 -0.011401 0.010138 -0.044985 -0.017313 -0.026766 -0.003301 -0.011762 0.019018
T384 -0.025516 -0.026045 -0.010886 -0.033370 0.000826 -0.006486 0.002368 -0.019675 -0.002108 0.006283 -0.031445 -0.033492 -0.004017 -0.011975 -0.051992 -0.022142 -0.008107 -0.018217 0.004670 -0.003059
T385 0.011523 -0.013745 0.007682 -0.011432 0.005610 -0.004154 0.006961 -0.024760 -0.009932 0.008448 -0.010956 -0.008609 -0.005111 -0.011543 -0.018844 -0.011207 -0.002366 0.007821 0.008021 -0.006477
T386 0.016343 0.013229 0.012768 0.023071 0.036092 -0.003774 -0.000123 0.019063 0.016720 -0.002003 0.014890 0.017065 0.008669 0.005839 0.032506 0.018396 0.031085 0.025944 -0.001755 -0.010065
T387 -0.029989 -0.014982 -0.031542 0.008742 -0.014522 0.015553 -0.000618 -0.011288 -0.002287 0.003285 -0.023279 -0.024358 -0.003263 0.009056 -0.042562 -0.026539 -0.035623 -0.014016 0.006459 -0.005459
T388 -0.001331 -0.011896 0.022044 0.018326 -0.012562 0.027096 -0.011490 0.008450 -0.003077 -0.006912 0.005564 0.007469 0.002196 -0.009665 0.024697 -0.009586 -0.019317 -0.016546 -0.016612 0.006738
T389 0.014115 0.031731 0.018960 0.014581 0.018219 0.011661 0.007499 0.034176 0.001921 0.011355 0.020084 0.018269 0.017287 -0.003253 0.019052 0.031818 0.033908 0.015907 0.014456 0.005337
T390 -0.001016 0.022170 0.000167 0.006892 0.005546 0.003401 0.017345 -0.006432 0.025837 0.002716 -0.017509 -0.015145 0.001762 0.007810 -0.032255 -0.351166 -0.017846 -0.001054 0.005903 0.000918
T391 -0.004844 0.005952 -0.008348 -0.014433 -0.005542 -0.008851 0.006991 -0.033821 -0.006128 0.020950 -0.025794 -0.025191 -0.002345 -0.002660 -0.060469 -0.035236 -0.026820 -0.004521 -0.010807 -0.014965
T392 -0.027821 -0.030234 -0.009752 -0.027996 -0.011365 -0.026601 -0.012180 -0.048019 -0.045164 -0.017690 -0.042609 -0.041494 -0.019902 -0.019019 -0.033097 -0.012373 -0.041227 -0.026268 -0.041326 -0.023399
T393 0.006737 0.003093 0.001584 0.019719 0.014531 -0.001952 0.008755 0.008211 0.013787 -0.005403 0.030398 0.028742 0.010833 0.010049 0.019831 -0.026030 0.001846 0.001399 0.009048 0.004142
T394 -0.037328 -0.025331 -0.047306 -0.029603 -0.038325 -0.017602 -0.015768 -0.057235 -0.033313 -0.006337 -0.030377 -0.035946 -0.017004 -0.011236 -0.055974 -0.054833 -0.034451 -0.029889 -0.011970 -0.018697
T395 -0.001467 -0.002137 -0.000946 -0.005709 0.045829 -0.012542 0.002111 -0.007357 0.011564 0.000729 -0.037534 -0.036709 -0.005793 -0.000829 -0.019853 -0.049698 0.022566 0.039052 0.013699 -0.003236
T396 0.045156 0.011052 0.034671 0.024489 0.026052 0.008468 0.006568 0.062953 0.026544 0.005098 0.038176 0.036992 0.028526 0.049402 0.074233 0.058237 0.080915 0.018869 0.010389 0.005128
T397 -0.036605 -0.038217 -0.042405 -0.039949 -0.046376 -0.026257 -0.051342 -0.058100 -0.010248 0.006703 -0.037224 -0.037233 -0.019788 0.001242 -0.062430 -0.045910 -0.051426 -0.069166 -0.020732 -0.025478
T398 0.001966 -0.005903 0.039611 -0.017687 -0.007868 0.010371 -0.024270 0.019725 0.004263 -0.003419 0.019053 0.021677 -0.010114 -0.011726 0.053162 0.047804 0.013386 0.026474 -0.006061 -0.014373
T399 0.009623 -0.003545 0.008363 0.002855 -0.039668 0.028536 -0.009178 0.008969 0.002298 0.001084 0.008301 0.006442 -0.003122 -0.006275 0.003533 0.002055 -0.005449 -0.001187 -0.003307 0.002514
T400 0.041008 0.029085 0.038698 0.033177 -0.001235 0.042515 0.033696 0.039643 0.026210 0.017316 0.037632 0.041991 0.034368 0.016303 0.037343 0.020713 0.036525 0.048475 0.021499 0.024484
T401 -0.055716 -0.023250 -0.039211 -0.038297 0.032605 -0.017614 -0.011818 -0.084971 -0.029885 -0.007979 -0.047551 -0.047075 -0.021233 -0.005762 -0.073276 -0.076908 -0.060325 -0.021228 -0.023662 -0.024847
T402 0.004727 -0.006548 0.000190 -0.022572 0.010277 0.006042 0.009857 -0.034524 -0.012636 0.011081 -0.009306 -0.006515 0.007472 0.004318 -0.008968 -0.039029 -0.026825 -0.021303 -0.008165 0.000628
T403 -0.033189 -0.043467 -0.029616 -0.036673 -0.077777 -0.033514 0.010801 -0.072528 -0.027182 -0.023157 -0.022272 -0.027953 -0.013119 -0.008485 -0.092369 -0.043488 -0.067588 -0.039984 -0.018903 -0.018565
T404 0.016112 -0.005960 0.032811 0.005030 0.010580 -0.022850 -0.012875 0.011389 -0.002964 -0.066775 0.013269 0.016745 -0.007313 0.001940 0.038053 0.026343 0.015145 0.010433 -0.011765 -0.001374
T405 -0.051841 -0.008525 -0.024562 -0.015077 0.013286 -0.022359 0.001043 -0.040465 0.003574 0.002327 -0.005441 -0.006928 -0.005088 0.015716 -0.054845 -0.063548 -0.027665 0.002277 0.005750 -0.003168
T406 -0.026894 0.020125 0.007864 -0.038396 -0.009217 -0.023080 0.010424 -0.006401 0.002962 0.009286 -0.007020 -0.006677 -0.000982 0.018388 -0.027360 0.047725 0.029927 0.006084 0.009157 -0.011170
T407 0.031916 0.017690 0.029165 0.035754 0.023789 0.023196 0.010961 0.050496 0.024657 0.016676 0.029644 0.028415 0.003481 -0.004624 0.094652 0.076473 0.045526 0.018544 0.021378 0.007466
T408 -0.010672 -0.001547 -0.009469 -0.014614 -0.026586 -0.003778 0.004209 -0.032736 0.002170 0.013198 -0.014788 -0.013835 -0.004081 0.021126 -0.024963 -0.006022 -0.043566 0.001742 -0.012437 -0.003448
T409 0.025423 0.044025 0.043730 0.034648 0.049159 0.075643 0.000508 0.034150 0.030151 0.009304 0.016630 0.017720 -0.009876 0.007366 0.052885 0.021715 -0.000185 0.016357 0.018869 0.017168
T410 -0.056419 -0.015715 -0.061794 -0.035526 -0.044820 -0.033888 -0.038847 -0.049910 -0.027292 -0.019174 -0.036850 -0.039267 -0.043786 -0.009677 -0.068163 -0.070162 -0.047592 -0.026279 -0.031009 -0.025302
T411 -0.024641 -0.002661 -0.042694 -0.013453 0.025859 0.009327 -0.007793 0.025530 0.002032 -0.039662 -0.014729 -0.013543 -0.008872 -0.000109 0.010981 0.035499 0.035197 0.005110 -0.037735 -0.008120
T412 0.001747 0.007115 -0.005529 -0.004935 0.005942 -0.000603 0.000133 0.015042 0.014419 0.000000 -0.012935 -0.013372 0.021441 0.015854 -0.025110 0.015642 0.014692 0.001271 -0.013487 -0.000329
T413 0.040119 0.015807 -0.030984 0.037849 -0.004372 0.060703 0.018501 0.009761 0.016626 0.020161 0.021530 0.023690 0.017485 0.002993 0.012220 0.005849 -0.006720 0.030546 0.015498 0.020227
T414 -0.019216 -0.010954 -0.004104 -0.021441 -0.026863 -0.001705 0.020910 -0.033390 0.000218 0.015541 -0.051407 -0.049494 0.027395 0.008633 -0.044029 -0.037879 -0.024342 -0.005158 0.000922 -0.003320
T415 0.001140 -0.005098 0.014174 0.031356 0.047394 0.000380 -0.008065 0.082124 -0.014478 0.018137 -0.000817 -0.001557 -0.002086 -0.009404 0.050824 0.041533 0.077779 0.017180 0.001520 -0.001714
T416 0.023199 0.014842 0.035796 0.030279 0.034598 0.026376 0.008646 0.046261 0.014184 0.011319 0.023210 0.018785 0.016721 -0.015360 0.051605 0.019007 0.005704 0.009891 0.017800 0.012506
T417 0.040757 0.015844 0.059238 0.025579 0.020018 -0.008689 0.008956 0.039516 0.029033 -0.001284 0.041581 0.041969 0.015236 0.008342 0.053778 0.019802 0.047090 0.010321 0.011410 0.021152
T418 -0.005346 0.006599 -0.005400 -0.004599 -0.009894 -0.003917 -0.000634 -0.018983 -0.015017 -0.006247 0.010993 0.012870 0.001350 -0.011281 -0.007389 0.011527 -0.018518 -0.006114 -0.012225 -0.009808
T419 -0.000873 -0.020262 -0.011222 -0.018126 -0.002224 -0.019098 -0.007740 -0.014694 -0.015616 -0.000185 0.000859 0.001143 -0.011617 -0.009671 -0.018852 -0.022944 0.016386 0.009528 0.007007 -0.011931
T420 0.016811 0.021116 0.005439 0.020391 0.059766 0.000764 0.013683 0.045277 0.046288 0.001294 0.031620 0.032755 0.004413 -0.012508 0.069432 0.063138 0.062446 0.009215 0.018390 0.008776
T421 -0.038556 -0.007999 -0.023269 -0.013657 -0.015381 -0.020980 -0.004289 -0.041958 -0.003842 -0.006094 -0.027024 -0.026198 -0.002570 -0.001000 -0.044508 -0.029792 -0.024406 0.005964 -0.006167 -0.012732
T422 0.005228 -0.001287 -0.003710 0.001139 0.004893 0.001364 -0.001901 0.000049 0.010877 -0.004273 0.021355 0.019901 -0.001168 -0.000779 0.003526 -0.009247 0.000122 0.004099 0.005223 0.003891
T423 0.017586 0.003951 0.020954 0.009999 -0.008763 0.013619 -0.000888 0.018779 0.000745 0.007837 0.001872 0.002816 0.003507 0.007124 0.007452 0.007457 0.028201 0.010352 0.015899 0.004805
T424 -0.005043 -0.018737 -0.013316 -0.016183 0.008196 -0.013244 -0.010672 -0.005256 -0.021325 -0.083688 0.000072 0.000380 -0.013377 -0.011052 -0.014480 0.021248 -0.001994 -0.024388 -0.030907 -0.015654
T425 -0.035956 -0.017264 -0.016167 -0.030007 -0.028971 -0.028010 -0.013099 -0.033562 -0.030158 -0.016771 -0.019789 -0.020125 -0.014047 -0.016540 -0.032175 -0.049598 -0.026117 -0.016197 -0.022059 -0.025717
T426 -0.038628 -0.027327 -0.026878 -0.040750 -0.075897 -0.045227 -0.002863 -0.048259 -0.024475 0.005754 -0.030374 -0.031994 -0.019739 -0.009318 -0.059508 -0.050993 -0.038743 -0.018869 -0.026154 -0.030219
T427 -0.038285 -0.033932 -0.043694 -0.052649 -0.059688 -0.042339 -0.005742 -0.045197 -0.030751 -0.036371 -0.040843 -0.042902 0.004592 -0.025006 -0.078179 -0.072428 -0.069280 -0.045131 -0.014447 -0.034795
T428 0.006673 -0.028043 0.004926 -0.011553 -0.014050 0.005909 -0.025200 0.002170 -0.018949 0.000649 0.002971 0.003036 0.001216 0.002254 0.012079 -0.012670 0.009946 0.002247 0.002019 -0.013922
T429 0.020111 0.018069 0.012573 0.011203 0.011135 0.035248 -0.001481 0.037722 0.014783 -0.013394 0.029820 0.028571 0.000586 0.001539 0.043635 0.075027 0.047667 0.012970 0.006475 0.004646
T430 -0.039651 -0.026050 -0.056065 -0.059636 -0.064361 -0.014502 -0.003236 -0.049955 -0.034234 -0.006350 -0.034011 -0.033991 -0.015529 0.003072 -0.056030 -0.037533 -0.081275 -0.017705 -0.007863 -0.037178
T431 0.011533 0.004507 0.002957 0.048581 0.032840 -0.007891 0.001623 0.028029 0.003314 -0.001542 0.011530 0.010468 -0.003444 -0.003180 0.017883 0.012460 0.036699 0.026633 -0.008358 -0.001787
T432 0.032761 0.018336 0.018643 0.004023 0.015953 0.030954 0.032685 0.020881 0.027865 0.008607 0.038469 0.041071 0.022229 0.040298 0.043199 -0.026209 0.025868 0.031978 0.014628 0.013765
T433 -0.003827 0.009865 -0.015225 -0.002556 -0.024493 -0.015846 0.018964 0.009035 -0.001272 -0.091904 0.000170 -0.000507 0.014483 0.012836 -0.012435 0.046691 0.007424 0.011392 -0.002291 -0.007286
T434 0.021574 0.007303 0.000968 -0.018976 -0.028987 -0.018009 0.012450 0.052279 -0.005261 0.024337 0.005806 0.006768 0.002139 0.031853 -0.008252 0.015764 0.058607 0.020801 0.003636 -0.008414
T435 0.024517 0.030506 0.025192 0.031768 0.052309 0.032578 0.019016 0.042096 0.021561 0.020936 0.051946 0.051077 0.017736 0.012282 0.055531 0.050300 0.038226 0.008386 0.028748 0.040221
T436 0.000000 -0.003381 -0.006639 -0.012726 -0.018026 -0.000627 -0.006221 -0.030889 -0.022986 -0.004839 -0.016159 -0.018152 -0.003509 0.013744 -0.015006 -0.008960 -0.014660 -0.003939 -0.008944 0.000431
T437 -0.029790 -0.019344 -0.014356 -0.014554 -0.030492 -0.012963 -0.012519 -0.045538 -0.009654 0.000000 -0.034736 -0.033030 -0.017002 -0.026692 -0.052582 -0.050439 -0.046829 -0.025707 -0.002291 -0.016308
T438 0.013024 0.019912 -0.016130 -0.019129 -0.015279 -0.002330 0.010015 0.008724 -0.006783 -0.033110 -0.002798 -0.002732 0.020220 0.006747 -0.027531 -0.006904 0.009188 0.010073 -0.000984 -0.001351
T439 -0.018028 -0.004125 -0.009380 -0.002375 -0.033883 -0.023567 0.005899 -0.010830 -0.013315 0.000240 -0.025691 -0.024516 -0.003471 -0.014485 -0.024643 -0.019567 -0.004751 0.001265 0.000610 -0.001719
T440 0.016164 0.014450 -0.016406 0.012841 0.010858 0.019135 0.022835 0.007446 -0.007269 0.011491 -0.002665 -0.002069 0.024627 0.013711 -0.041955 0.029050 0.018590 0.016872 0.009284 0.016409
T441 0.018930 -0.008347 -0.003223 -0.005342 0.011301 -0.005547 -0.011833 0.030671 -0.051885 -0.012544 0.044059 0.041619 -0.002649 0.002380 0.030366 0.032954 0.023887 0.005482 -0.023646 -0.006523
T442 0.009607 -0.005581 0.013248 -0.010741 -0.020750 -0.009869 0.000247 0.011719 0.013524 -0.013423 0.011648 0.011557 -0.003290 0.005289 0.011093 -0.009791 -0.005283 -0.004071 -0.002141 -0.000145
T443 0.024000 0.007360 0.033008 0.020847 0.020024 0.016901 -0.019255 0.014645 -0.001495 0.015792 0.035521 0.036754 0.005886 -0.001288 0.048116 0.028306 0.007581 -0.004890 0.013876 0.013169
T444 0.004715 -0.002101 0.000301 0.005176 -0.009205 -0.002344 -0.013969 -0.008168 -0.000730 -0.006936 0.007229 0.004803 0.001186 -0.002473 -0.001261 -0.012099 -0.005834 -0.004474 -0.013780 0.005550
T445 -0.014758 -0.003386 -0.031743 -0.008324 -0.025392 -0.013456 0.004467 -0.010447 0.011290 0.010357 -0.030341 -0.030808 0.000158 0.016383 -0.043313 -0.051556 -0.007589 -0.007294 0.000811 -0.008261
T446 0.006834 -0.005418 -0.003086 -0.009959 0.007944 -0.001299 -0.004956 -0.041460 -0.011670 0.008582 -0.014358 -0.014316 -0.007107 -0.007423 -0.004620 -0.016296 -0.127365 -0.002152 -0.016057 -0.004416
T447 -0.002537 -0.019298 0.000748 0.001581 -0.000127 -0.013657 0.001533 -0.006634 0.004350 -0.008272 -0.023183 -0.023391 0.004732 0.001816 0.005437 0.012095 -0.012081 0.003570 0.001017 0.000685
T448 0.020482 -0.000284 0.006041 -0.020947 -0.036892 -0.029890 -0.001147 -0.008974 -0.020820 -0.007865 -0.006659 -0.008855 -0.000277 0.001173 0.013717 -0.010082 -0.004258 0.005485 -0.005757 -0.011028
T449 0.011451 0.029420 0.020262 0.043963 0.014744 0.132306 -0.002425 0.034459 0.029627 0.008648 0.011908 0.012775 0.009541 0.011504 0.025371 0.081989 0.034801 0.012605 0.017565 0.014832
T450 -0.020643 -0.016541 -0.006876 -0.001053 0.023667 0.001801 -0.013180 -0.011986 0.000542 0.006668 -0.025335 -0.024580 -0.010156 -0.027590 0.021507 0.009571 -0.020385 -0.021111 0.005212 -0.007972
T451 0.026722 0.027191 0.036533 0.038291 0.055217 0.041142 0.005316 0.040206 0.031104 0.016324 0.042853 0.043841 0.016164 0.000217 0.055338 0.056097 0.021559 0.022682 0.031776 0.026388
T452 0.013510 -0.015464 0.005442 0.007782 0.000000 0.006139 -0.018817 0.041079 -0.009134 -0.014897 0.000698 0.000791 -0.007485 -0.029342 0.047964 0.073451 0.047965 -0.000509 -0.011296 0.008782
T453 0.015094 0.022729 0.011548 0.008393 -0.002938 0.002669 0.007274 0.033892 0.013739 0.010633 0.002964 0.003863 -0.004360 0.005466 0.013646 0.034374 0.007530 -0.030993 -0.011891 0.002832
T454 -0.008111 -0.013461 -0.009968 0.018844 -0.010676 -0.012930 0.017201 0.000092 -0.005191 0.007482 -0.058067 -0.056323 0.002052 -0.000333 -0.040498 -0.015365 -0.029373 -0.005331 0.007079 -0.003207
T455 -0.007398 -0.006410 0.001151 0.005098 0.013697 0.004816 0.004905 -0.019644 0.008930 0.017173 -0.001384 -0.003614 -0.014213 0.004661 -0.017033 -0.008755 -0.015153 0.015701 0.018557 0.007205
T456 -0.008826 0.005438 -0.003937 -0.025749 -0.021186 -0.014571 0.008735 -0.028109 -0.005103 0.007073 -0.025598 -0.023161 0.026799 0.008395 -0.028842 -0.021052 -0.039045 -0.004830 -0.006395 -0.009306
T457 0.034235 0.008250 0.032675 0.012014 0.045539 0.018482 0.002929 0.045724 0.013363 -0.001586 0.077390 0.076557 0.007001 -0.000657 0.076029 0.060025 0.060972 0.052274 0.018151 0.017490
T458 0.003572 0.003364 0.011027 0.003363 0.018827 -0.002292 0.005460 0.035622 0.022310 -0.001588 0.008715 0.010260 0.017652 -0.014140 0.010905 -0.003219 -0.026973 0.005606 0.017509 0.012401
T459 0.032793 -0.013773 0.003504 0.012357 0.011898 0.003480 -0.005683 0.016897 0.017075 -0.003182 0.017890 0.018386 -0.000342 -0.006671 0.009953 -0.004955 0.023276 0.009598 0.015911 0.022797
T460 -0.006154 0.006248 0.001662 -0.004480 -0.014992 0.000385 0.029972 -0.016902 -0.006391 0.004332 -0.009945 -0.012552 0.003265 -0.009066 0.015306 0.005825 0.015918 0.005103 -0.000968 -0.015769
T461 -0.009287 -0.008035 -0.009620 -0.011283 0.026030 -0.022535 -0.010357 -0.003322 -0.008098 -0.004994 0.003637 0.002351 -0.012035 -0.010392 0.004609 -0.021175 0.001477 -0.010015 -0.020169 -0.012472
T462 0.038248 0.008929 0.029235 0.025264 0.005204 0.016946 0.014578 0.042016 0.008131 0.009126 0.024849 0.025623 0.003984 0.000114 0.019810 0.023982 0.037431 0.009484 0.014067 0.009549
T463 -0.001926 0.001003 0.011084 0.009264 -0.009779 -0.006782 -0.006631 0.001181 0.007265 0.000452 0.000758 0.000932 -0.005532 -0.009131 0.017043 0.014026 0.045710 0.000626 0.007623 -0.006950
T464 -0.001389 -0.004284 -0.002460 0.004080 -0.011442 0.007803 -0.005687 0.005769 -0.000894 -0.003390 -0.005468 -0.006092 -0.005410 0.006796 -0.011762 -0.013614 0.003753 0.005355 0.005586 -0.002868
T465 -0.002903 -0.002288 -0.010717 -0.001460 0.016016 -0.003678 0.004725 -0.004755 -0.003278 0.002721 -0.000677 -0.001447 -0.009374 0.012355 -0.062984 0.029588 0.000202 0.000138 -0.003324 0.000924
T466 0.000303 -0.010000 -0.023335 0.009664 0.000721 0.012046 -0.009281 -0.010048 -0.001030 0.000000 -0.005417 -0.005712 0.012695 0.011640 -0.039735 -0.015204 -0.015133 0.006917 0.002765 0.001471
T467 0.026195 0.021870 0.033052 0.022922 0.033967 0.021117 0.003497 0.034670 0.029035 0.011760 0.026808 0.026323 0.004999 -0.003686 0.059171 0.061625 0.058959 -0.005083 0.031817 0.007993
T468 -0.004432 0.001995 -0.009048 0.003386 0.019800 0.015228 -0.010456 0.001422 -0.011409 0.008717 -0.006879 -0.007185 -0.007958 -0.002915 -0.008565 -0.005776 -0.032449 -0.008492 0.014803 0.004609
T469 0.021426 0.008960 0.023468 0.017486 0.027726 0.007037 0.009937 0.016480 0.018570 0.000443 0.023619 0.023898 0.011185 0.023502 0.042749 0.027194 0.014136 0.019845 0.002926 0.017135
T470 0.006333 0.003767 0.001308 -0.002653 0.004139 -0.005701 0.011832 0.005281 0.002118 0.002879 0.001875 0.003287 0.012434 -0.004614 0.017265 -0.000762 -0.004817 0.001570 -0.007418 0.004212
T471 -0.000924 0.001162 -0.013078 -0.000302 0.010133 0.002034 0.011570 -0.002146 0.000256 0.010159 -0.003011 -0.003113 0.003202 -0.000110 -0.008039 -0.013729 -0.014542 -0.000409 0.013352 0.012648
T472 0.008785 -0.013211 -0.023675 -0.008769 -0.010082 -0.007752 -0.000122 -0.020238 -0.009062 -0.006340 -0.017876 -0.017666 0.001990 0.004967 -0.028815 -0.018479 -0.016065 -0.007366 -0.001906 -0.007794
T473 -0.002292 -0.005337 0.036874 0.004576 0.007081 -0.003906 0.008276 -0.001129 0.002294 0.003520 0.004488 0.005186 -0.000899 0.003954 0.023889 0.016670 0.001719 0.009000 0.004234 0.000033
T474 -0.015102 0.000909 -0.017943 -0.014637 -0.026954 -0.017553 0.005069 -0.028906 -0.020698 -0.003070 -0.022671 -0.024632 -0.000150 0.007440 -0.049220 -0.016356 -0.027247 -0.003337 -0.014014 -0.022973
T475 -0.023029 -0.023715 -0.035884 -0.027983 -0.054746 -0.025851 -0.015732 -0.038431 -0.026206 -0.001979 -0.025821 -0.025339 -0.013469 -0.009991 -0.045661 -0.060624 -0.034750 -0.012229 -0.004235 -0.028895
T476 -0.002029 -0.013401 0.001948 -0.002346 0.010220 -0.005854 -0.012201 0.007711 -0.005443 0.003305 -0.002607 -0.003326 -0.009165 -0.010531 0.008630 -0.008784 0.000609 -0.004980 0.000548 0.003325
T477 0.001794 -0.005377 0.002001 0.011441 -0.000938 0.001178 0.000494 0.036057 -0.003569 0.005930 -0.000610 -0.001493 0.001228 -0.002106 0.002386 0.022534 -0.005370 0.010218 0.002735 0.013361
T478 0.014923 0.004268 0.036339 0.019481 0.008830 0.020584 -0.000988 0.000172 0.013612 0.012882 0.026155 0.026036 0.006517 0.002889 0.040123 0.019032 0.018600 0.011973 0.003273 0.015706
T479 -0.037699 -0.037681 -0.053206 -0.030327 -0.048583 -0.043796 -0.021132 -0.037330 -0.036584 -0.010994 -0.054375 -0.054093 -0.021366 -0.011189 -0.092279 -0.045730 -0.045791 -0.027538 -0.032627 -0.027404
T480 -0.013690 -0.000589 -0.012825 -0.017609 -0.006436 -0.008236 0.004797 -0.026000 0.004402 -0.003705 -0.008625 -0.008338 -0.005021 -0.018710 -0.028229 0.005778 -0.020036 0.013075 0.004929 -0.008656
T481 -0.015306 0.003535 -0.015151 0.000777 -0.009707 -0.005874 -0.007413 -0.008242 -0.009948 -0.012907 -0.003897 -0.004387 -0.008488 -0.008106 -0.021075 -0.017456 0.002432 0.004348 -0.025399 -0.007062
T482 -0.010635 0.004403 -0.014376 -0.017199 -0.002351 -0.005501 -0.010000 -0.003278 -0.006288 0.000000 -0.006915 -0.006609 0.000674 -0.017495 -0.024179 0.013188 -0.005082 -0.010720 -0.003241 -0.016187
T483 0.004707 0.021335 -0.014225 -0.005855 -0.012421 -0.001229 0.020330 -0.014544 -0.009052 0.005541 0.012826 0.014045 0.016609 0.020970 -0.076653 0.028985 -0.009341 -0.000278 0.006904 0.005805
T484 -0.013611 -0.022320 0.016686 -0.008735 -0.007881 0.001846 -0.020426 -0.012785 -0.005123 -0.008155 -0.016915 -0.017223 -0.007642 -0.010557 -0.020808 -0.017084 0.009174 -0.013480 -0.009378 -0.016854
T485 -0.008215 0.002049 -0.004038 -0.007945 -0.012547 -0.012694 -0.005117 -0.003095 -0.002773 -0.009556 -0.011042 -0.009643 -0.000471 0.002203 -0.013336 -0.034143 -0.009298 -0.000493 0.018041 -0.003890
T486 0.009254 0.019375 0.013910 0.024563 0.031738 0.008503 0.010030 0.039474 0.032101 0.008526 0.027912 0.024717 0.015842 0.005207 0.018795 0.048400 0.031802 0.025298 0.003553 0.016089
T487 -0.009618 0.021872 0.013462 0.008341 0.017928 0.026115 -0.009039 0.008615 -0.006717 0.004449 -0.009594 -0.009776 0.006424 0.006331 0.020125 -0.006639 0.014882 -0.000894 0.006775 0.008184
T488 0.018840 0.013927 0.020452 0.032048 0.039354 0.015431 0.002441 0.025032 0.010989 0.009302 0.021568 0.020945 -0.002153 -0.000915 0.028378 0.026952 0.042727 0.002270 0.006686 0.008576
T489 0.038508 0.007467 0.012749 0.025309 0.016300 0.003947 -0.001666 0.011866 0.026060 -0.009217 0.000805 0.001898 0.003276 0.009389 0.008202 0.012673 0.013318 -0.003775 0.009833 0.009588
T490 -0.058680 -0.031567 -0.048029 -0.043706 -0.045954 -0.036760 -0.031707 -0.057228 -0.030321 -0.048283 -0.058639 -0.058993 -0.023198 -0.021325 -0.094726 -0.077791 -0.050201 -0.051050 -0.033610 -0.035423
T491 0.009555 -0.000567 0.014097 0.006115 0.024250 -0.011633 0.008352 0.017540 0.003467 -0.006424 0.005318 0.006518 0.005465 0.015890 -0.000228 0.027461 0.011296 0.030419 -0.036855 0.000467
T492 -0.018930 -0.006807 -0.020773 -0.001087 -0.005393 0.000206 -0.010912 -0.033697 -0.012807 0.005987 -0.018608 -0.019905 -0.008799 -0.002300 -0.015159 0.050241 -0.047957 -0.006411 0.001881 -0.006178
T493 -0.010960 -0.010089 0.004719 -0.019535 -0.041047 -0.006813 0.006115 0.002085 0.001626 0.006665 -0.002599 -0.001069 0.005681 0.011182 0.020806 0.020180 -0.022385 -0.007588 -0.029126 -0.006831
T494 0.025083 0.000865 -0.001314 0.014894 0.014144 0.002702 0.004228 0.001631 0.006282 0.014661 0.002123 0.002626 0.008238 -0.012312 0.013941 0.014575 -0.001761 0.005431 0.019811 0.015065
T495 0.015665 -0.017101 -0.017496 -0.012101 -0.003342 -0.020522 -0.011183 -0.013854 -0.012661 0.000233 -0.019451 -0.018725 -0.006264 -0.007387 -0.015394 -0.003202 -0.032584 -0.007604 -0.013552 -0.006524
T496 -0.020268 -0.016225 -0.013948 -0.031079 -0.047416 -0.019471 -0.003459 -0.021876 -0.017760 0.002097 -0.017873 -0.018390 -0.016915 -0.017093 0.006451 -0.024624 -0.023760 -0.020553 -0.006471 -0.023058
T497 -0.006375 0.004173 -0.009395 -0.038195 -0.047667 -0.016188 0.006142 -0.029289 -0.008896 0.006045 0.005599 0.008662 -0.012506 0.035254 -0.052786 0.000760 -0.036021 -0.012576 -0.012837 -0.008237
T498 -0.015124 -0.003859 -0.018697 -0.019367 -0.029467 -0.028960 0.002256 -0.006907 -0.017952 -0.036746 -0.013921 -0.013980 -0.008026 -0.008342 -0.003583 -0.044885 -0.025661 -0.020141 -0.024860 -0.002756
T499 0.002260 -0.008343 -0.013698 -0.020034 -0.000377 -0.028694 -0.007017 0.004645 -0.018206 -0.005038 -0.003630 -0.005773 -0.008904 -0.006914 -0.023010 -0.010335 -0.018407 -0.000076 -0.015247 -0.012884
T500 0.006566 -0.015124 0.005387 0.000291 -0.000054 -0.009304 -0.032266 0.012557 0.003595 -0.016397 -0.007287 -0.006825 -0.028963 -0.003945 0.015129 0.001294 0.023912 0.002721 -0.017973 0.004351
T501 -0.012652 0.003966 0.002603 0.022329 0.034580 0.019018 0.004547 0.021259 0.023567 0.015200 0.027016 0.026154 0.001014 0.010951 0.026021 0.092886 0.026125 0.021405 0.023219 0.023769
T502 -0.049119 -0.004356 -0.033973 -0.019707 -0.027773 -0.023272 -0.015636 -0.030492 -0.006779 -0.005796 -0.026305 -0.026287 -0.010720 -0.001613 -0.040515 -0.022390 -0.008615 -0.006494 -0.013031 -0.008095
T503 -0.030039 -0.015566 -0.013596 -0.020901 -0.021270 -0.016985 -0.021179 -0.023916 -0.000074 -0.019189 -0.019778 -0.018169 -0.015614 -0.006002 -0.006628 -0.017813 -0.020467 -0.003491 -0.021988 -0.009496
T504 0.030752 0.028524 0.028761 0.037877 0.021738 0.021358 0.012242 0.024476 0.023109 0.024517 0.032761 0.031260 0.019936 0.016605 0.030728 0.015290 0.037340 0.035254 0.027923 0.021646
T505 0.025623 0.035772 0.050528 0.038852 0.047715 0.043468 0.010266 0.038332 0.038576 0.027314 0.031319 0.030414 0.013427 0.009595 0.052350 0.007112 0.050650 0.026206 0.025567 0.028189
T506 0.002053 0.002910 0.010295 -0.007494 -0.018379 -0.012835 -0.010161 0.003811 -0.009321 0.009412 -0.001855 -0.002066 0.002474 0.000000 0.003190 -0.016657 0.021941 -0.009190 -0.023177 -0.004029
T507 -0.006626 -0.008996 -0.010933 -0.013784 -0.009834 -0.017792 -0.021797 -0.003585 -0.017513 0.002098 0.000196 -0.000099 -0.018152 -0.010748 -0.005981 0.013898 -0.005112 -0.012816 -0.012013 -0.010918
T508 -0.036719 -0.006442 -0.039666 -0.023739 -0.014371 -0.020205 -0.008194 -0.044637 -0.020156 -0.003955 -0.026115 -0.027016 -0.006645 0.001829 -0.080274 -0.063620 -0.041154 -0.013126 -0.013067 -0.026311
T509 0.002356 -0.006484 -0.049470 -0.010719 -0.008207 -0.013984 -0.007392 -0.013538 -0.005015 0.014946 -0.008637 -0.008310 0.007548 0.032877 -0.033620 0.023270 -0.048428 0.001018 -0.008026 -0.007843
T510 -0.010255 0.006131 -0.015856 -0.001163 -0.021971 -0.027645 0.008324 -0.010732 -0.003053 0.020479 -0.006686 -0.006949 0.008938 0.006300 -0.007198 -0.068223 -0.027450 -0.004211 -0.007266 0.001424
T511 -0.004605 -0.016413 -0.000441 -0.004441 0.025089 0.009642 0.000869 0.011943 0.002177 0.009019 0.002550 0.003910 0.000042 -0.006919 -0.007423 0.030706 -0.005844 -0.030696 -0.002700 -0.012383
T512 0.033613 0.028712 0.017187 0.039128 0.009853 0.051665 0.027492 0.019894 0.040024 0.025475 0.014344 0.015375 0.040876 0.022893 0.040000 0.052701 -0.019587 0.001053 0.024048 0.044621
T513 -0.032240 -0.015224 -0.024819 -0.033486 -0.012789 0.006519 0.004506 -0.039593 -0.025207 -0.014382 -0.025374 -0.025237 -0.014549 -0.003351 -0.061288 -0.010795 -0.055651 -0.011722 -0.014995 -0.011277
T514 0.029122 0.025865 0.019363 0.034573 0.046094 0.008328 0.011356 0.062166 0.020266 -0.014150 0.037045 0.035315 0.013654 0.021046 0.058876 0.065652 0.020043 0.017640 0.024821 0.015953
T515 0.009409 0.014104 -0.001240 0.031440 0.015148 0.012847 0.010812 0.012161 0.013313 0.004037 0.006053 0.008002 0.010995 0.005206 0.006645 -0.017299 0.023465 0.017334 0.015307 0.016786
T516 0.000765 -0.065441 0.001081 -0.013837 -0.001206 -0.018347 -0.016045 -0.016102 -0.002635 -0.002234 -0.010849 -0.011313 0.006260 -0.014269 0.007019 0.130864 -0.003784 -0.003084 -0.007836 -0.011822
T517 -0.003267 -0.029559 -0.011486 -0.010766 0.001016 -0.009691 -0.014450 -0.002288 -0.005918 -0.024849 0.002393 0.003413 -0.003908 -0.003431 0.011866 -0.015493 0.002307 0.002063 -0.068030 -0.017281
T518 0.027059 -0.001576 0.045155 -0.016711 0.027723 0.031221 0.017367 0.039960 0.021578 0.021120 0.009450 0.011603 0.019137 0.029374 0.022306 0.079840 0.012379 0.003235 0.021883 0.032830
T519 0.014803 0.033978 0.015098 0.011354 -0.007807 0.003389 0.007695 0.001391 -0.035377 0.020908 0.014683 0.013745 0.003025 0.017769 0.010669 -0.024588 0.016331 0.020959 0.015536 0.017592
T520 0.019337 -0.003459 0.007776 0.038057 0.036521 0.020491 0.010275 0.034278 0.036171 0.007267 0.019035 0.019118 0.001606 0.003492 0.052544 0.030342 0.027553 0.009403 0.005788 0.006122
T521 -0.019627 0.004798 0.002413 -0.000952 -0.012317 0.001986 0.009208 -0.017798 0.023111 0.012462 -0.096350 -0.091405 0.003441 0.007164 -0.027524 0.026115 -0.027213 0.001493 0.006012 -0.002489
T522 -0.030465 -0.015139 -0.012533 0.000613 -0.009603 0.000660 -0.002724 -0.005631 -0.005359 -0.019218 -0.023413 -0.028547 0.033124 0.013515 0.021712 -0.005626 0.134440 -0.001491 0.001328 0.004714
T523 0.075553 0.026411 0.038428 0.023610 0.020712 0.015185 0.019254 0.023199 0.029121 0.019595 0.042981 0.044134 0.035495 0.010327 0.049939 -0.004109 0.011379 0.073740 0.013314 0.033635
T524 -0.015410 -0.005528 -0.005879 -0.013228 -0.001197 -0.005853 -0.010718 -0.009935 -0.014745 -0.000864 -0.019880 -0.018486 -0.006775 0.004267 -0.024360 -0.012985 0.000809 0.003709 -0.007601 -0.015152
T525 -0.017543 0.003740 -0.004722 -0.009228 0.010719 0.007850 -0.001354 -0.076561 0.002758 -0.002810 -0.043947 -0.042747 0.001064 -0.014229 0.003408 -0.017576 -0.005181 0.004751 -0.001623 -0.003253
T526 -0.037305 -0.012788 -0.025369 -0.024341 -0.058925 -0.014496 -0.013154 -0.024673 -0.012845 -0.028175 -0.037901 -0.038687 -0.009453 -0.003609 -0.023924 -0.047951 -0.061831 -0.014841 -0.021797 -0.015877
T527 -0.042405 -0.016218 -0.026117 -0.029199 0.026741 -0.021295 -0.005222 -0.052048 0.011076 0.001561 -0.041116 -0.040704 0.009543 -0.006539 0.015281 -0.014432 -0.018132 -0.012332 0.003428 -0.019381
T528 -0.001947 0.016796 0.047690 0.038834 0.026658 0.024053 0.011051 -0.010411 0.038071 0.013137 0.038448 0.037756 0.006118 0.004557 0.054765 -0.030737 -0.061754 0.004454 0.018169 0.012753
T529 0.003902 0.014581 0.021320 0.015616 -0.021650 0.013295 0.004236 0.024696 0.014761 0.008352 0.022491 0.022060 0.006518 0.008770 0.010243 -0.008398 0.004008 0.006383 -0.002033 0.009462
T530 0.004175 0.001407 0.014499 0.021907 0.013834 0.008528 0.004218 0.033666 0.003892 0.000436 0.002933 0.004633 0.007199 0.014290 0.021047 0.018793 0.021861 0.000801 0.039276 0.008339
T531 -0.033190 -0.001806 -0.026218 -0.028895 0.003566 -0.016479 -0.004742 -0.036647 -0.000858 -0.015033 -0.016983 -0.017773 -0.002191 0.000887 -0.056568 -0.033402 -0.026594 -0.008406 -0.002941 -0.013533
T532 0.088975 0.047959 0.079025 0.060949 0.043246 0.067460 0.020555 0.094125 0.044301 -0.021898 0.077460 0.075813 -0.006876 0.002953 0.143293 0.079753 0.118443 0.012177 0.047097 0.050407
T533 0.019269 -0.001343 0.022741 0.000905 0.035582 0.036555 -0.005336 0.011904 0.005634 0.003618 0.027185 0.026293 -0.016275 -0.038571 0.036635 0.055133 0.014478 -0.028315 0.021175 0.021504
T534 -0.009485 -0.019983 -0.009400 -0.004907 -0.018117 -0.023311 0.000000 -0.025439 0.005633 -0.009464 -0.007237 -0.007364 0.003242 0.024398 -0.001960 0.031503 -0.023200 -0.004993 -0.002529 -0.002615
T535 0.011869 0.011077 0.021823 -0.001557 0.011444 0.000204 0.010058 0.023538 0.001445 -0.006824 0.028012 0.028631 -0.016271 -0.007474 0.022768 0.036522 0.047652 -0.003163 -0.028993 0.003464
T536 -0.008331 0.004557 -0.024198 -0.008578 0.005934 -0.013461 0.009161 -0.032824 0.003518 -0.001832 0.002735 0.004165 0.017436 0.003313 -0.045362 -0.013475 -0.017355 -0.000828 0.007642 -0.003936
T537 0.012971 -0.010134 0.000743 -0.012650 -0.036260 -0.002481 -0.009473 -0.029924 -0.010158 0.002065 -0.004950 -0.004957 0.003119 0.023817 -0.014645 -0.035096 -0.028190 0.019948 -0.011542 -0.004275
T538 0.003782 0.012773 0.005956 0.012347 -0.000247 0.008498 0.015540 -0.004740 0.013834 0.012137 -0.007107 -0.009455 0.000037 0.018766 -0.017095 -0.024722 -0.002996 0.007173 0.003622 0.010799
T539 -0.021680 0.000096 0.004426 0.002033 -0.010715 0.004521 0.006016 -0.013340 -0.001612 0.013575 -0.020143 -0.018783 0.004207 0.013240 -0.005971 -0.010174 -0.030047 0.007055 0.008025 0.001416
T540 0.014661 0.009530 0.024370 0.011583 0.014316 0.009206 -0.007150 0.045947 0.016120 0.008036 0.015653 0.015167 0.000874 0.012215 0.047072 0.005753 0.033301 0.011476 0.004381 0.014653
T541 0.005926 0.010966 0.006773 -0.004205 0.011546 -0.022096 0.007333 0.009229 0.009124 -0.003100 0.015309 0.014529 -0.005423 -0.000748 0.029991 0.016778 0.022709 -0.009763 -0.003189 0.001330
T542 -0.019594 0.008866 -0.006990 0.001429 0.007708 0.001036 -0.002080 -0.008539 0.004550 -0.006219 -0.012346 -0.010156 0.006331 0.006366 -0.015073 -0.020446 -0.005276 0.006195 0.003811 0.003953
T543 -0.026264 -0.014679 -0.014531 -0.021278 0.000136 -0.021951 -0.005080 -0.017403 -0.019511 0.009164 -0.013832 -0.014467 -0.007709 0.008837 -0.027228 -0.015304 -0.012966 -0.007613 -0.022547 -0.013105
T544 -0.021148 -0.003700 -0.001570 0.023530 0.016253 0.007199 -0.005368 -0.015377 -0.016968 0.014839 -0.008416 -0.008954 -0.005387 0.003596 -0.011878 -0.000747 -0.012639 -0.008539 0.020382 0.005937
T545 0.048594 0.024571 0.056848 0.020528 0.030880 0.017658 0.019876 0.073424 0.013586 0.016587 0.062971 0.060931 0.010745 0.011760 0.082379 0.087450 0.049011 0.019109 0.021901 0.011011
T546 0.001891 0.003254 -0.000508 -0.000571 -0.009214 -0.013014 0.003485 0.020805 0.005815 0.009231 -0.001676 0.000000 0.002236 -0.002906 0.012527 0.037378 0.022340 0.002311 -0.006899 -0.008663
T547 -0.003371 0.001482 -0.018066 -0.004762 0.012207 -0.011302 0.005402 -0.019588 0.000267 0.013189 -0.004443 -0.005446 0.000000 0.002186 -0.015115 0.010917 -0.029911 0.003952 -0.005557 0.000982
T548 -0.007983 -0.024794 -0.018787 -0.004274 -0.013867 -0.033870 -0.013432 -0.031330 -0.009160 -0.009238 -0.009521 -0.009558 -0.006620 -0.000273 -0.015762 -0.024406 -0.049919 -0.011745 -0.017091 -0.017650
T549 -0.025370 -0.014704 -0.009083 -0.008842 -0.006968 -0.014461 0.001167 -0.013565 -0.008257 -0.020767 -0.025633 -0.025131 0.000663 -0.009817 -0.037507 -0.022490 -0.007928 -0.008166 0.000379 -0.008984
T550 -0.013785 0.009147 -0.013921 0.000452 -0.042420 -0.006892 0.004404 -0.002899 -0.000302 0.003462 -0.022197 -0.021035 -0.005262 0.010649 0.008319 0.009360 -0.001619 -0.004016 0.005115 -0.006368
T551 0.012133 0.020132 0.024262 -0.004200 0.028227 0.000448 0.007608 0.042995 0.009747 0.010567 -0.012612 -0.012956 0.011282 0.006903 0.065074 0.005966 0.019845 -0.033470 0.003817 0.000556
T552 -0.003435 0.005518 0.025683 -0.001427 0.004585 0.003804 -0.004607 -0.013642 -0.007232 -0.003201 -0.009367 -0.009390 -0.004938 -0.018674 -0.009785 0.031425 -0.006688 -0.015576 -0.007886 0.001307
T553 0.016390 0.018417 0.021864 0.022157 0.029713 0.020286 0.010671 0.027387 0.011559 0.005352 0.005265 0.005171 0.016836 0.001747 0.031410 -0.015093 0.020479 0.005863 0.021197 0.016515
T554 0.006782 0.018632 0.025888 0.001335 -0.015466 0.017916 0.001781 0.042870 0.019045 -0.003194 0.024476 0.024863 -0.008459 0.017803 0.030625 0.016372 0.036177 -0.012781 0.010147 0.002825
T555 -0.015536 -0.002421 0.005954 -0.021648 -0.020036 -0.013093 0.007492 -0.022106 -0.001285 0.006836 -0.005634 -0.005856 0.000911 0.012434 -0.022023 -0.007835 0.005334 0.012662 -0.002018 -0.009733
T556 -0.046854 -0.024627 -0.028619 -0.025242 -0.020485 -0.029578 -0.018402 -0.053447 -0.032777 -0.003819 -0.043122 -0.044283 -0.010199 -0.017212 -0.040851 -0.086272 -0.042425 -0.015173 -0.024221 -0.023861
T557 -0.014579 -0.014836 -0.003745 -0.026095 -0.013807 -0.006051 -0.001541 -0.029128 -0.003537 -0.008307 -0.003728 -0.006603 -0.020646 -0.003922 -0.022475 0.001033 -0.015650 0.015407 -0.003791 -0.006326
T558 -0.015910 -0.002993 -0.003047 -0.008818 -0.003668 -0.009470 0.002829 -0.003792 -0.007827 -0.003866 -0.018820 -0.020164 -0.001090 0.002198 -0.019130 -0.008290 -0.030606 -0.005198 -0.018172 0.000100
T559 -0.000529 -0.000938 -0.010207 0.004758 0.014015 -0.002732 -0.003719 0.009282 0.005748 0.001294 0.005384 0.006558 0.005342 0.002467 -0.010397 -0.000381 0.010908 -0.009038 -0.004748 0.006566
T560 0.023809 0.015495 0.031635 0.009609 0.006326 0.022826 0.016733 0.016147 -0.000790 0.001978 0.006917 0.006291 0.003405 0.012761 0.025862 0.033901 0.014076 0.008052 0.014654 0.019272
T561 -0.023773 -0.001017 -0.014504 -0.012168 -0.019235 -0.018300 0.003671 -0.023848 -0.003073 0.004168 -0.022050 -0.020317 -0.008913 0.001170 -0.070420 -0.000705 -0.030543 -0.013713 0.001151 -0.016666
T562 -0.002798 0.001389 -0.001193 0.011768 0.019933 0.006138 0.002144 0.001406 0.005097 0.010048 0.017562 0.016750 0.006773 0.005574 -0.008671 -0.009370 0.005053 0.003512 0.005991 0.012554
T563 -0.013878 0.003605 0.002009 -0.004285 0.013568 0.002937 0.006168 -0.003589 -0.001154 0.005190 -0.020933 -0.020621 -0.002728 0.002324 -0.071353 -0.036581 -0.003195 0.006928 0.001953 -0.003067
T564 -0.030685 -0.006816 -0.015627 -0.016258 -0.019732 0.005181 -0.014011 -0.017254 -0.009242 -0.013554 -0.016718 -0.015677 -0.006483 -0.009276 -0.006019 -0.025654 -0.012059 -0.014256 -0.016404 -0.006938
T565 0.028324 0.022999 0.023711 0.022985 0.022804 0.012102 0.006978 0.038167 0.011782 0.000436 0.028799 0.028249 0.003093 -0.002341 0.040396 0.051430 0.036697 0.003022 0.011360 0.018555
T566 0.002469 -0.004714 0.002366 0.002919 0.005875 0.001550 -0.007308 -0.004221 -0.010826 -0.003488 -0.002473 -0.002487 -0.009025 0.001173 0.000753 0.012916 -0.004053 0.004304 -0.010276 -0.000518
T567 -0.037405 -0.001913 -0.010105 -0.004264 0.008401 0.012160 0.004315 0.005036 -0.024005 -0.004157 0.010932 0.010087 0.003036 0.001712 -0.020460 0.000237 -0.007134 -0.006857 0.002463 0.003270
T568 0.010314 0.014875 0.012214 0.023246 0.038495 0.025775 0.006445 0.000997 -0.004963 -0.002417 -0.011037 -0.011670 0.000227 0.008458 0.030318 0.049025 0.021660 0.006617 0.007997 0.014972
T569 -0.010605 -0.003687 -0.009317 -0.023930 0.016347 -0.004472 -0.013812 -0.040733 -0.035610 -0.000881 -0.021869 -0.021344 -0.008434 0.013919 -0.032816 0.000937 -0.069900 0.032295 -0.029440 -0.005246
T570 0.036794 0.013809 0.060196 0.025541 0.015996 0.011979 0.018335 0.029018 0.034928 0.023804 0.016020 0.013225 0.027884 0.010560 0.041640 0.018889 0.000573 0.028308 0.043973 0.018504
T571 0.004089 -0.001602 -0.019612 0.001532 0.013381 0.004862 -0.015629 0.024888 0.018219 -0.010118 0.007260 0.007786 -0.008238 -0.038837 0.051753 -0.001204 0.032821 0.001346 -0.002594 -0.009916
T572 0.004456 0.015158 -0.003397 0.010638 0.005678 0.013673 -0.005335 -0.016846 0.000342 0.000217 0.004955 0.004544 0.006211 0.003896 0.017980 0.039249 0.006023 0.005310 0.003878 0.002599
T573 0.021112 -0.006148 0.005583 0.012632 0.001738 0.010791 -0.015068 0.017058 0.023569 -0.003696 0.033841 0.035060 -0.000372 0.002346 0.005783 -0.000855 0.033978 -0.005082 0.009327 0.012707
T574 -0.000599 -0.011364 0.006573 0.006497 0.014365 0.007801 -0.003760 0.003516 -0.002154 -0.009166 -0.003794 -0.004261 -0.007887 0.006302 0.031873 0.008770 0.049469 0.007460 0.002007 -0.004495
T575 0.010119 0.019307 -0.005052 0.005422 0.019750 0.016908 0.013144 -0.008798 0.015810 0.004846 0.009683 0.010864 0.008250 0.004295 0.023500 0.008148 0.003944 -0.001534 -0.006801 -0.004045
T576 0.008756 -0.001057 0.000414 -0.012904 0.014200 0.007813 0.004881 -0.007655 -0.012301 -0.010083 -0.006896 -0.009010 0.019413 -0.016036 0.047518 -0.019831 0.008074 -0.018039 0.005065 -0.008752
T577 -0.005370 -0.016580 -0.008546 -0.021659 -0.016097 -0.017492 -0.024415 -0.010584 -0.017151 -0.025465 -0.004123 -0.001862 -0.029440 -0.015029 -0.018359 0.000337 -0.004878 -0.007348 -0.022538 -0.020835
T578 0.000444 0.002601 -0.019276 -0.023734 0.008252 -0.001214 -0.014675 -0.019349 0.000617 0.012043 0.023208 0.021181 -0.009247 0.010203 -0.035219 -0.032329 0.029385 -0.005209 -0.018999 -0.009958
T579 0.019221 0.009123 0.013423 0.032346 0.012477 0.034839 0.009501 0.051426 0.012572 0.008981 0.057182 0.053412 0.018970 0.000364 0.064062 0.084616 0.031277 -0.000138 0.015377 0.015202
T580 0.023500 0.010548 0.019009 0.015831 0.024438 0.017420 0.000795 0.029970 -0.006482 -0.002893 0.019440 0.018058 0.002644 -0.000546 0.075901 0.043562 0.001381 -0.005168 0.007045 0.001775
T581 0.010063 -0.012981 0.005846 0.008636 0.000316 -0.010773 0.005828 -0.020610 0.006555 -0.000670 -0.019761 -0.020944 0.001002 -0.012377 0.003751 0.017934 0.002192 0.009974 -0.033075 0.002835
T582 -0.004701 -0.013596 0.001111 0.009271 -0.004824 0.009335 -0.002239 0.000871 -0.006908 0.003350 -0.024997 -0.025384 0.012762 0.000645 0.003011 0.011351 0.012088 0.015500 -0.015061 0.001927
T583 0.014803 0.000631 0.022026 -0.005677 0.016898 0.005588 -0.003168 0.026499 0.009652 -0.014245 0.025122 0.024154 0.006300 -0.015839 0.024789 -0.008398 0.031865 0.004187 0.006796 -0.003046
T584 0.013684 -0.010084 -0.012680 0.105402 0.013722 -0.006323 -0.052165 0.024409 -0.014597 -0.003387 0.015631 0.018971 -0.008227 -0.013942 0.028431 -0.011237 -0.009092 -0.013182 0.004517 -0.005724
T585 -0.020078 -0.001273 -0.016142 0.002031 -0.011171 -0.002121 0.018019 -0.014599 0.001016 0.008156 -0.027405 -0.024454 -0.005762 0.006738 -0.059072 -0.021232 -0.035501 0.001704 -0.010821 -0.005952
T586 0.009021 0.006739 0.006123 0.013147 -0.001182 0.009082 0.022640 0.014936 0.018183 0.012135 0.019602 0.019600 -0.012883 0.012442 0.019570 0.002124 0.028380 0.015852 0.019930 0.013634
T587 0.007901 0.011488 0.030324 -0.007546 0.004782 -0.001340 0.006172 0.030473 0.000423 0.055506 0.015620 0.016087 -0.004226 -0.004003 0.071966 0.022975 0.041043 0.011118 0.018316 -0.003050
T588 0.037062 0.003845 0.005010 -0.002765 0.003660 0.001342 -0.016802 0.038136 0.002930 -0.011990 0.072661 0.072787 -0.011492 -0.032903 0.036575 0.013536 0.036850 -0.026628 0.026355 0.004154
T589 0.024400 -0.004098 -0.013454 0.033096 0.000155 -0.014697 0.007595 -0.062810 -0.025448 -0.001277 -0.032904 -0.027474 0.003875 -0.005026 -0.028053 -0.002698 -0.038777 -0.011977 -0.014620 -0.010742
T590 -0.017929 -0.009303 0.006158 -0.013307 0.006061 -0.001766 -0.005923 -0.020696 -0.002287 0.001066 -0.016632 -0.017942 0.013965 0.010589 -0.000521 -0.012080 -0.036000 -0.022178 -0.006324 -0.000259
T591 0.019245 0.011197 0.021869 0.012579 0.006980 0.005309 -0.005416 0.030555 0.044168 -0.008518 0.044167 0.046064 -0.002165 0.015861 0.051401 0.004067 0.017662 0.007185 0.000383 0.014720
T592 -0.017653 -0.015984 -0.020734 0.001679 -0.024972 0.000391 -0.001225 -0.013866 -0.008513 -0.001289 -0.074417 -0.076830 -0.016907 0.009084 0.001443 0.010690 0.001554 0.005735 -0.009089 -0.014346
T593 -0.006911 -0.019328 -0.003822 0.002067 0.004552 -0.022874 -0.007225 -0.004742 -0.005026 -0.003656 -0.045400 -0.043876 -0.008219 0.000750 0.005945 -0.011804 -0.001466 -0.006675 -0.020904 -0.004117
T594 0.002456 0.000833 -0.010277 -0.000669 -0.036021 0.002601 0.009886 -0.014819 -0.001594 0.019642 -0.006285 -0.004631 0.006752 0.017335 -0.047992 -0.041766 -0.010663 0.005950 0.013264 0.008724
T595 0.018807 0.003328 0.013266 0.011604 0.031792 0.017761 0.002991 0.011051 0.006083 0.012913 0.001476 0.000423 0.014404 0.009027 0.024594 0.032272 0.005847 0.020042 0.002677 0.012424
T596 -0.004225 -0.011611 0.001980 -0.001710 0.019818 0.011961 -0.007998 0.009280 -0.000179 -0.009195 -0.000526 0.000740 0.001540 -0.007394 0.054296 0.003876 0.000672 0.006208 -0.009803 -0.009403
T597 0.013903 0.000186 0.008932 -0.001933 0.018426 0.004069 -0.006559 -0.001730 -0.004401 0.005062 0.022644 0.023870 -0.000187 -0.009748 -0.009011 0.004056 0.005549 0.000407 -0.004509 -0.003732
T598 -0.010430 -0.011186 -0.011766 -0.015110 -0.009298 -0.006947 0.000963 -0.030576 -0.027156 -0.005247 -0.013594 -0.014751 -0.002739 -0.010866 -0.033474 -0.029633 -0.022030 -0.005558 -0.012752 -0.004683
T599 -0.007547 0.006222 -0.008243 -0.003597 -0.012502 -0.000777 0.024048 -0.009746 -0.006121 0.014135 -0.012424 -0.012145 0.015649 0.028260 -0.027907 -0.007841 -0.032357 0.017856 0.005336 0.000195
T600 -0.026680 -0.028949 -0.023590 -0.021545 -0.014834 -0.030727 -0.003489 -0.020080 0.009455 -0.013106 -0.026853 -0.027133 -0.005334 -0.004109 -0.034272 -0.030061 -0.016287 -0.015132 -0.038891 -0.017908
T601 0.002896 -0.009262 -0.009234 0.007033 0.000503 0.004013 0.002020 0.025539 0.016854 -0.006324 -0.002716 -0.001525 0.000335 0.000825 0.004793 -0.007763 0.018478 0.001632 -0.012232 0.001453
T602 0.003291 -0.001363 0.013242 0.002519 -0.000091 0.006795 -0.010079 0.013534 0.005636 0.007849 -0.007952 -0.008292 -0.006924 0.013100 0.140214 -0.033534 0.004252 -0.017647 0.010137 -0.000297
T603 -0.018005 -0.020380 -0.010363 -0.005082 0.010711 -0.003970 -0.007195 0.019253 0.047516 -0.007156 -0.018887 -0.019364 -0.011620 -0.006330 -0.015974 -0.020083 -0.036495 -0.002211 0.003621 0.003135
T604 0.008247 -0.006868 0.013328 -0.005452 0.027972 0.005779 0.006427 -0.017127 -0.009147 -0.013356 0.008394 0.008303 0.004172 -0.004823 0.009233 0.018540 0.007002 -0.001939 0.100924 0.002105
T605 -0.003448 0.019545 0.015100 0.003982 0.001158 0.004359 -0.004076 -0.013184 0.011292 -0.002363 0.002220 0.002114 0.002469 -0.028530 -0.012127 -0.002786 0.008400 -0.013529 -0.023048 0.001707
T606 -0.014246 -0.008749 -0.001212 0.011035 0.011220 0.015979 -0.010232 -0.014515 0.004823 -0.006031 0.002326 0.003331 -0.004509 0.003859 -0.022312 -0.026852 -0.007474 -0.006260 0.003426 -0.001835
T607 0.004129 0.017852 0.008558 -0.003240 0.009995 -0.001942 0.016816 -0.002243 0.004856 0.006717 0.019887 0.018150 0.018461 0.003376 0.027139 -0.005104 0.016552 -0.000991 0.016203 0.010275
T608 0.035090 0.017734 0.056978 0.021387 0.016514 0.018482 0.002440 0.020356 0.030220 0.001507 0.018524 0.017935 0.005606 -0.001215 0.024706 0.010581 0.018209 0.005314 -0.009463 0.015272
T609 0.018539 -0.016276 0.000253 -0.000168 -0.002660 -0.003247 -0.008925 0.010257 -0.011949 0.014184 0.016592 0.015803 0.005835 0.039483 -0.014064 -0.009994 0.004595 0.012826 -0.002531 0.014466
T610 -0.014496 -0.026958 -0.012276 -0.020887 -0.013212 -0.021081 -0.024424 -0.008287 -0.010920 -0.013562 -0.014752 -0.013350 -0.012969 0.001530 -0.011125 -0.011409 -0.002713 -0.005915 -0.016425 -0.018456
T611 0.008377 -0.005801 0.011373 -0.002795 0.001539 -0.007831 0.006434 0.018031 0.002146 0.005371 0.005097 0.004155 -0.006738 -0.026871 0.038346 0.010763 0.004856 0.002170 -0.008909 0.000804
T612 -0.014915 -0.015593 -0.015405 -0.015501 -0.029998 -0.041042 -0.008616 -0.029016 -0.025303 -0.001282 -0.021025 -0.020477 -0.013945 -0.006280 -0.030809 -0.044934 -0.041323 -0.014597 -0.019649 -0.021036
T613 -0.013879 -0.009096 -0.012353 -0.037299 -0.009938 -0.005350 -0.000421 -0.029586 -0.012662 -0.002781 -0.017807 -0.018306 0.001529 0.000837 -0.020097 -0.016858 -0.031319 -0.011199 -0.017588 -0.003904
T614 0.013266 0.012686 0.002667 -0.048703 -0.016771 -0.074472 0.002664 -0.002674 -0.015973 0.001502 0.007142 0.005296 0.004007 -0.018201 0.000043 0.002562 -0.000361 0.001577 -0.004896 -0.002470
T615 0.014089 0.003666 0.025938 0.039840 0.015114 0.059454 0.010350 0.042752 0.022728 0.001285 0.028257 0.031391 0.010719 0.018762 0.047766 0.004872 0.023161 0.023474 0.000256 0.008089
T616 0.002622 -0.007610 -0.010151 -0.025014 -0.024243 -0.054430 0.009551 -0.004849 -0.033612 0.002781 0.024403 0.022773 0.001655 0.006170 0.006857 0.030006 -0.005371 0.009860 -0.015936 -0.024400
T617 0.018694 0.012577 0.016708 0.005757 0.010009 0.017849 0.000274 0.029115 0.022240 -0.014935 0.046815 0.043804 0.015882 -0.002694 0.054194 0.020639 0.047672 -0.020150 0.004530 0.013865
T618 -0.005454 -0.020398 -0.008688 -0.026193 0.000385 -0.030030 -0.010281 -0.010666 -0.023057 -0.018410 0.013753 0.012959 -0.012455 -0.030184 0.007204 -0.021157 -0.003142 0.006643 -0.015033 -0.028145
T619 0.015484 0.008865 0.020191 0.014184 0.021665 -0.003616 0.012189 -0.004472 0.025175 0.016549 -0.005173 -0.003936 0.013249 0.016811 0.006803 0.005371 -0.013265 0.022183 -0.001684 0.025723
T620 0.011944 0.004700 -0.003693 0.036663 0.031114 0.022227 -0.009579 0.024743 0.007349 0.002822 0.038360 0.036554 -0.001958 -0.002929 0.011544 0.002163 0.023693 -0.006456 -0.000791 0.009267
T621 -0.009103 -0.014950 -0.009156 -0.010999 -0.005087 -0.030175 -0.003454 -0.018529 -0.006299 -0.022727 -0.015306 -0.014773 -0.008660 -0.010801 0.010268 -0.038883 -0.026826 -0.008364 -0.020154 -0.013559
T622 0.006970 0.001858 0.013171 0.000062 -0.007614 -0.005948 -0.004159 0.044132 0.006428 -0.016964 0.019574 0.021573 0.006533 -0.001628 0.027316 0.090065 0.016055 -0.008086 0.002584 -0.004537
T623 0.008306 0.010408 -0.004787 -0.018309 -0.015531 -0.007825 0.022135 -0.006752 0.010020 0.011735 -0.001882 -0.001515 0.006342 0.005469 -0.015152 0.025034 -0.017186 0.001686 0.012406 0.001843
T624 -0.012293 0.004181 -0.014666 0.020904 0.003593 0.038738 0.009943 -0.006122 0.006817 0.007278 -0.028286 -0.028263 0.009251 0.020325 -0.009261 -0.002223 -0.003673 0.009541 0.025038 0.010772
T625 -0.003980 -0.013711 -0.003414 -0.023970 0.014675 0.009826 0.004720 -0.017825 0.000778 0.001581 -0.016495 -0.013957 0.007340 -0.013093 -0.004561 -0.012635 -0.005170 -0.007714 0.017337 0.000596
T626 0.019791 0.015549 0.001280 0.027511 0.010471 0.016143 -0.000403 0.033291 0.006794 0.003607 0.005328 0.003563 0.005764 -0.005780 0.021734 0.026304 0.021814 0.007143 0.012768 0.009857
T627 0.009890 0.004664 0.013190 -0.007213 0.014772 0.002611 0.010474 0.015694 0.005176 -0.000449 -0.005692 -0.004931 0.001262 0.009531 0.014787 0.019275 0.002714 0.005285 -0.003667 -0.000721
T628 0.015644 0.022002 0.012292 0.015639 0.016343 0.017799 -0.001329 0.013043 0.011094 0.002697 0.026451 0.028150 0.006551 0.004437 0.014389 0.020832 0.057071 0.001867 0.014620 0.012095
T629 0.007702 0.003259 0.001450 -0.007093 0.004818 -0.003839 0.002794 -0.011574 0.007484 0.008068 0.008750 0.006073 0.009048 0.023311 0.006768 0.008105 -0.000495 0.013256 -0.008546 0.004988
T630 -0.003249 0.011911 -0.012545 -0.007449 -0.010078 -0.013274 -0.008360 -0.001951 -0.000838 -0.011783 0.002002 0.003450 0.000496 -0.000367 -0.018309 -0.004393 0.024888 -0.003066 -0.018342 -0.003996
T631 -0.011290 0.013716 -0.008512 -0.005433 -0.008615 -0.006943 0.008430 -0.001501 -0.006121 -0.000450 -0.001617 -0.002387 -0.000921 0.028301 -0.020836 -0.012689 -0.018317 0.019206 -0.008526 0.004271
T632 0.005496 0.006909 -0.010127 -0.013968 -0.012139 0.001966 0.004246 0.019139 0.002728 0.000000 0.037637 0.037810 0.003085 0.003753 0.005803 -0.008821 0.012411 0.003286 0.022810 0.006830
T633 -0.015972 -0.011722 0.007629 0.014544 -0.004366 0.014392 -0.007135 -0.004566 0.005553 0.001575 -0.017906 -0.018262 0.003146 0.002493 0.020047 -0.001002 -0.001036 0.002540 -0.001359 0.000352
T634 -0.007591 -0.003954 -0.009276 0.004282 -0.002371 0.014617 0.011711 -0.016235 -0.000864 0.013258 -0.007761 -0.010241 0.002467 -0.001066 -0.014866 -0.002301 -0.005967 -0.000267 0.002672 0.003455
T635 -0.004353 -0.007068 -0.007835 -0.015696 -0.007489 -0.005932 0.000395 -0.005509 0.003071 -0.005766 -0.008481 -0.006739 0.002882 0.011201 -0.024808 -0.021229 0.003427 -0.002934 -0.000855 0.002710
T636 0.034104 0.015287 0.012226 0.018896 0.032341 0.008099 0.006180 0.015445 0.007263 0.003123 0.028227 0.026663 0.013214 0.016088 -0.001208 0.045796 0.025603 0.005752 -0.004076 0.011127
T637 -0.002114 0.003378 -0.007529 0.005668 0.007693 0.047780 -0.012153 -0.000430 -0.006327 0.001334 0.011738 0.013404 -0.000311 -0.002336 0.011148 -0.021838 -0.042337 -0.005187 0.003082 0.005314
T638 0.000121 0.005387 0.012622 0.003002 0.009883 0.002623 0.001455 -0.003465 0.007451 0.009105 -0.027773 -0.026637 0.001142 -0.002602 0.009119 -0.017453 0.016241 0.006016 0.007606 0.012667
T639 0.007505 -0.003540 0.007906 0.004215 0.007709 0.007849 -0.002114 0.005681 0.006955 0.015405 -0.012216 -0.013872 0.005530 -0.001565 0.024628 0.002945 0.011561 -0.001130 -0.002849 0.002594
T640 0.006968 0.078156 0.003448 0.003346 -0.007565 0.006390 0.000662 0.006552 0.001206 0.006935 -0.000951 -0.003062 0.001237 -0.006096 0.009542 -0.031705 -0.000840 -0.010245 0.012684 -0.004744
T641 -0.005846 -0.017277 -0.002333 -0.010124 -0.005795 -0.019841 0.016642 0.004287 0.005584 -0.010116 0.008379 0.010655 -0.000927 0.000351 -0.029609 0.006901 -0.016611 -0.019089 0.002970 0.002259
T642 -0.009781 0.011871 -0.000190 0.003062 0.009982 -0.007490 0.005762 -0.002235 -0.003103 0.003479 0.000094 0.001140 0.003643 0.010511 0.000553 0.008084 0.012016 0.001919 -0.018509 0.001575
T643 0.001879 -0.011284 0.002591 -0.019477 -0.002843 0.000000 0.014063 -0.009140 0.004915 0.011267 0.008214 0.005313 0.003903 0.004941 -0.002839 0.003171 -0.000655 -0.002462 0.007191 0.005303
T644 -0.009436 -0.003895 -0.019731 -0.027835 -0.012938 -0.023047 -0.002311 -0.050846 -0.002582 0.006857 -0.020322 -0.020006 -0.005764 0.005089 -0.029621 -0.019664 -0.064947 0.014672 -0.027611 -0.005245
T645 -0.000061 -0.011094 -0.009373 -0.002562 -0.018015 -0.021712 -0.013127 -0.014601 -0.005612 -0.006384 -0.001530 -0.001348 -0.006003 -0.026603 0.027247 -0.004340 0.026567 0.001892 -0.016688 -0.011747
T646 0.028395 0.006897 0.003603 0.017532 0.016197 0.003628 0.016302 0.037370 0.001753 0.010709 0.037530 0.037412 0.017117 0.015252 0.010016 0.014635 0.000683 0.011195 0.010653 0.017783
T647 0.007541 0.008858 0.013082 0.018239 0.017758 0.011823 0.023996 0.034463 0.010420 0.006781 -0.001384 -0.002324 0.003495 0.002692 0.019210 0.012521 0.011181 -0.040283 0.011160 0.007111
T648 -0.000530 0.005793 0.018276 -0.012520 0.001780 0.003824 0.011153 -0.003244 0.007741 0.005683 -0.004713 -0.001304 0.006188 0.007534 0.041839 -0.017610 -0.019612 -0.004795 0.014972 0.004931
T649 -0.006191 0.003510 -0.040144 -0.038099 0.009275 -0.026455 0.001983 -0.013672 -0.006097 -0.012558 -0.016062 -0.017537 0.001647 0.013323 -0.024213 -0.020270 -0.014942 -0.019901 -0.012888 -0.013054
T650 -0.006467 0.002332 0.001404 -0.006786 -0.025714 -0.007174 0.005071 -0.015603 -0.017674 -0.013777 0.001321 0.000855 -0.009562 0.002799 -0.014463 0.005511 -0.014876 -0.003206 -0.003774 -0.008102
T651 -0.009914 -0.008053 -0.004958 -0.022338 -0.016114 -0.016860 -0.005784 -0.016758 -0.007428 -0.008596 -0.008575 -0.006830 -0.000203 -0.007190 -0.008633 0.004635 -0.015032 0.009649 0.008857 -0.009962
T652 0.046927 0.003608 0.032713 0.025805 -0.013163 0.031626 -0.002476 0.008285 0.015438 0.012140 0.009552 0.008406 0.004879 0.002641 0.040563 0.006172 0.009965 0.016282 0.021161 0.012125
T653 -0.000403 -0.003236 -0.001682 0.002555 0.027311 0.000864 0.001986 0.002207 -0.001911 -0.001713 0.019065 0.020839 0.000303 0.005948 0.016423 0.026180 0.009637 0.004319 -0.006410 0.006978
T654 -0.009971 -0.005861 -0.016771 0.002222 -0.001728 0.003451 -0.001362 0.001851 -0.002652 -0.003647 -0.002771 -0.003897 -0.000101 -0.008025 -0.019896 0.002808 0.005467 -0.014912 0.003251 -0.003894
T655 0.010421 0.003991 0.012546 -0.030643 0.004178 -0.003224 0.005704 0.008979 0.011516 -0.010767 0.040207 0.040987 -0.000303 0.004002 0.010990 0.009875 0.028886 0.000000 -0.007627 -0.005787
T656 0.001095 -0.005782 0.002235 -0.004641 0.004029 -0.007332 0.006535 -0.015364 -0.005042 -0.005877 0.041147 0.043132 -0.006002 -0.002969 -0.010628 0.027846 -0.003457 0.004717 -0.004923 -0.001084
T657 -0.005418 0.003998 0.005544 -0.000406 -0.009697 -0.012601 0.004288 0.006425 0.008964 0.000000 0.008725 0.008064 0.004579 -0.003488 -0.008328 -0.014126 0.005811 0.009951 0.004594 -0.000465
T658 -0.002897 -0.005883 0.013705 0.013993 0.005797 0.013201 -0.010978 -0.003297 -0.004131 -0.002408 -0.008141 -0.008510 -0.000810 -0.006573 0.021630 -0.011769 0.017443 0.003469 0.003267 0.003225
T659 0.000000 -0.004097 0.002563 -0.010600 0.000094 -0.016721 -0.003824 -0.011262 -0.007863 -0.010316 0.026761 0.025749 -0.005914 -0.002492 0.008980 -0.006371 0.011012 -0.006361 -0.013875 0.000680
T660 0.003603 -0.005211 0.024991 0.024796 0.019038 0.039753 -0.003219 0.024798 -0.002432 0.005545 0.011575 0.011129 -0.002346 -0.011371 0.033033 0.018607 0.052708 -0.014753 0.010007 0.011243
T661 0.013666 -0.003216 0.031074 0.009139 0.031253 -0.014656 -0.010185 0.036586 0.008712 -0.005955 0.016793 0.016468 0.002010 -0.006623 0.049705 0.092158 0.034996 -0.024015 -0.000151 0.007239
T662 0.000628 0.004241 0.006417 -0.003453 -0.005653 -0.014658 0.003012 -0.003641 0.008963 0.005103 -0.002186 -0.000570 0.005101 0.013070 -0.013069 -0.015971 0.000255 0.006151 0.000805 0.001910
T663 -0.005481 -0.006242 -0.005687 0.016737 -0.025184 0.001750 -0.019016 0.018115 -0.013728 -0.008168 0.021258 0.018654 -0.020978 -0.008659 -0.002815 -0.006432 0.002136 0.018485 -0.003418 -0.003814
T664 -0.015155 -0.023187 0.011985 -0.018970 -0.021565 0.002621 -0.017472 -0.009491 -0.033980 0.000000 -0.020497 -0.019912 -0.010299 -0.010656 -0.015653 -0.019338 -0.021999 -0.001624 -0.009632 -0.018291
T665 0.001632 -0.016077 -0.010153 -0.012061 -0.004421 -0.030930 -0.007269 -0.075322 0.002599 0.000445 -0.013383 -0.013544 -0.001571 0.002913 -0.004888 0.024888 0.004819 -0.009691 -0.022762 -0.009006
T666 0.006692 -0.018262 0.072506 0.002388 -0.010838 -0.005844 -0.003007 -0.006780 0.004875 -0.006229 0.022279 0.021340 -0.001399 -0.011444 0.243696 -0.016034 0.058163 -0.030286 0.006774 -0.003685
T667 0.014105 0.007147 0.115162 0.040773 -0.002403 0.008365 -0.000525 0.012902 -0.001066 -0.001343 0.008685 0.009151 0.001821 -0.010953 0.025434 0.055376 0.010681 -0.004493 -0.000569 0.004953
T668 0.010660 -0.011276 -0.011554 0.004897 -0.024067 0.002242 -0.016533 -0.029491 -0.003650 -0.006501 -0.006298 -0.007544 -0.003916 -0.017106 0.029913 0.037215 0.021695 -0.000222 0.012513 0.004959
T669 -0.000282 0.002851 0.005751 0.003481 -0.007909 -0.008501 -0.007605 0.032087 -0.003522 0.002256 -0.010189 -0.006469 0.000667 0.011358 -0.056768 0.005725 -0.007903 0.015764 -0.008651 -0.003445
T670 0.016022 0.008039 -0.022291 0.026236 0.016434 0.011733 0.006991 0.007158 0.008811 0.003602 0.008106 0.006918 0.009680 0.004710 0.051171 0.019988 -0.003341 0.012095 0.016414 0.006354
T671 0.004775 0.013422 0.027913 0.035890 0.029667 0.033006 0.015354 0.019828 0.014009 0.016824 0.006915 0.007679 0.012432 0.014333 -0.011139 -0.006598 0.009614 -0.055576 0.015229 0.019683
T672 -0.007571 -0.004223 -0.011946 -0.006704 0.017181 -0.001727 0.002630 0.028688 0.006492 -0.015222 0.011179 0.010748 -0.005105 0.005243 -0.003967 0.007666 0.015561 0.007851 0.000352 -0.002732
T673 -0.002060 -0.010987 -0.015331 0.026220 0.013981 0.021194 -0.008918 0.012759 -0.008462 0.000448 0.010108 0.010317 -0.013487 -0.027407 -0.013199 -0.010532 -0.001635 -0.027832 -0.011926 0.014700
T674 -0.007756 -0.009355 0.003329 -0.001572 -0.023603 0.016730 -0.004896 -0.058262 0.007089 0.009852 -0.038855 -0.037782 -0.009278 -0.012726 -0.030401 0.001202 -0.049442 -0.015482 0.025973 0.006029
T675 0.015465 -0.008656 0.014597 -0.002390 0.001240 0.001874 0.007048 0.002368 -0.000221 0.005765 -0.002196 -0.002939 0.013764 0.015744 0.027619 0.024014 0.013287 0.029791 -0.002333 0.001580
T676 0.002160 0.009030 0.000522 0.003389 -0.015611 0.004158 0.001452 0.019345 -0.004003 -0.003087 0.001630 0.000737 0.003534 0.003535 0.006751 0.026016 -0.002447 0.007980 -0.006568 -0.001965
T677 0.015639 -0.002852 0.063061 0.011181 -0.000303 0.003106 -0.001582 0.033762 0.003465 0.006855 0.012045 0.011535 0.006207 -0.007678 0.018365 0.009404 0.023070 -0.004415 -0.003556 -0.005040
T678 -0.002612 0.004536 -0.004957 0.008639 0.003343 0.004954 -0.006339 0.003205 0.031077 0.005052 0.000643 0.001537 -0.000069 0.001183 0.039005 0.027738 0.015320 -0.006882 -0.000151 0.008363
T679 0.003491 0.013646 0.041193 -0.003825 -0.001630 -0.009242 0.002392 -0.002972 0.002813 -0.019411 -0.000402 -0.001292 -0.000381 -0.005492 0.048145 0.011773 0.022696 -0.014090 0.019153 -0.001457
T680 0.011199 0.017143 -0.003103 -0.003783 0.023722 0.006634 0.018298 0.022612 0.005691 0.004551 0.011336 0.011482 0.014457 0.006810 -0.008000 0.010003 0.012445 0.036783 0.015685 0.011670
T681 -0.005860 0.011236 -0.017342 -0.009205 -0.011495 -0.007619 0.012761 -0.002805 -0.003055 -0.001812 -0.013753 -0.012471 0.003725 -0.000731 0.000914 -0.029892 -0.015478 -0.013784 -0.006070 -0.004444
T682 0.000487 0.004708 -0.000092 -0.016259 -0.001643 -0.012036 -0.002057 0.000220 -0.017613 -0.013615 -0.001693 -0.003481 -0.002247 0.008324 0.026141 0.006343 -0.010593 0.002291 -0.016075 0.001064
T683 -0.005675 -0.004217 -0.018264 -0.008795 0.002712 -0.004201 0.000000 -0.010107 0.005343 0.011042 -0.020912 -0.020715 0.005050 0.008437 -0.017417 -0.023579 -0.022681 0.011049 0.011272 -0.000177
T684 0.016525 0.018824 -0.006170 0.002025 0.012898 -0.016452 0.004896 0.000688 0.005369 -0.004323 0.021524 0.021568 -0.004142 0.023030 -0.000465 -0.004641 0.005614 0.012512 -0.001375 -0.004873
T685 -0.001711 -0.001848 -0.024073 -0.001129 -0.020154 -0.013082 -0.011410 0.004104 -0.005501 -0.007770 -0.006862 -0.006577 -0.011558 0.007738 -0.018966 0.003645 -0.012512 -0.011464 -0.017112 -0.005075
T686 -0.007553 0.004257 -0.000632 -0.005712 -0.003114 0.004781 -0.006095 0.001347 0.000324 0.019346 -0.031946 -0.032696 -0.002829 -0.013264 -0.037362 -0.019056 -0.009245 0.015437 0.007204 -0.003371
T687 0.015059 -0.006635 0.032581 0.006463 0.032342 0.003460 -0.011874 0.012641 0.013596 0.001808 -0.000672 -0.000084 0.007645 0.002122 0.030616 0.002741 0.003699 0.009788 0.008195 0.003651
T688 0.006328 -0.001670 -0.000542 0.009453 -0.012550 -0.003664 0.002377 0.001307 -0.002076 0.003608 0.017393 0.015634 0.001511 -0.007766 -0.018125 0.030594 0.016131 0.000734 0.000542 -0.003549
T689 0.001797 0.000465 0.017254 0.013547 -0.003960 0.001298 0.008563 -0.008289 0.011254 0.010562 -0.008837 -0.008987 0.009358 0.009783 -0.007175 -0.003722 -0.001075 0.004183 0.007681 0.008260
T690 0.023102 0.012632 0.005634 0.012320 0.016725 -0.005401 0.006270 0.005199 0.004984 0.007338 0.007999 0.005038 0.013380 0.016294 0.036255 0.028605 0.025343 0.015054 -0.000146 0.012140
T691 -0.007785 -0.016511 0.010387 0.007118 0.007577 0.015204 0.001298 -0.014448 -0.007662 0.013687 -0.003389 0.001671 -0.011963 -0.009186 0.002624 0.002157 0.001602 0.003096 0.007379 0.002933
T692 -0.005871 0.001399 -0.016636 0.000741 -0.017197 0.001284 -0.003500 0.013885 -0.028877 0.001307 0.017170 0.015429 0.006987 -0.005510 -0.002263 0.010103 0.005134 0.001651 -0.010770 -0.001287
T693 0.002509 -0.001583 -0.016081 -0.023033 -0.015449 -0.030342 0.000521 -0.013848 -0.007379 0.002392 -0.013863 -0.013470 -0.006669 -0.017150 -0.005057 -0.015833 -0.017552 -0.002866 -0.006866 -0.000293
T694 -0.005891 -0.007929 -0.001474 -0.006669 0.001603 0.007933 -0.017163 -0.005613 -0.000055 -0.002387 -0.006533 -0.005245 -0.009562 -0.024608 0.009500 -0.001686 -0.005128 -0.001365 0.001531 -0.001640
T695 -0.010856 0.006300 0.036587 0.011249 0.034859 -0.001531 0.003969 0.036011 0.008340 -0.022401 -0.027218 -0.025360 0.008182 0.008807 -0.007600 0.008240 0.022822 -0.004533 0.010058 0.000675
T696 -0.002810 0.004485 0.004922 0.017064 0.019998 0.018831 -0.006588 -0.001357 -0.001932 0.015350 0.007187 0.005925 0.000849 -0.011459 0.005334 -0.003396 -0.007355 0.012144 0.009421 0.006566
T697 0.008986 -0.006047 0.008956 -0.001775 0.001822 0.018268 -0.003051 0.028337 0.021154 0.001096 0.016226 0.015281 0.002952 -0.011316 0.035302 0.008723 -0.000178 0.006213 0.010300 0.005766
T698 0.004057 0.013165 0.000461 -0.000516 0.016518 0.006332 0.009314 0.009458 0.006781 -0.002408 0.043555 0.047171 -0.001319 -0.010701 0.047264 0.014255 0.028699 -0.001419 0.008089 -0.005241
T699 0.000787 0.001763 -0.001999 -0.004878 0.011427 -0.040478 0.007646 0.005484 0.003818 -0.001975 0.006969 0.007066 -0.000949 0.009594 -0.011049 -0.018806 0.005074 -0.007179 0.001804 -0.007132
T700 0.017305 -0.008617 0.024500 0.011535 0.028860 0.011147 -0.011251 0.014112 0.009324 -0.002418 -0.005091 -0.006139 -0.000882 -0.016490 0.021817 0.018420 0.020676 -0.012027 -0.005356 0.009264
T701 -0.001340 -0.000467 -0.007602 0.015109 0.010832 0.016429 0.003440 0.009392 0.005653 0.000220 -0.007836 -0.007140 -0.002918 0.003600 0.022234 0.054994 0.008019 0.003261 0.013152 0.003166
T702 0.007072 0.003085 -0.002280 -0.005167 -0.018021 0.010634 0.007648 0.010355 -0.024878 -0.000220 -0.010477 -0.013979 0.001055 0.000000 -0.008780 0.005876 0.010249 -0.006284 0.007666 -0.008426
T703 -0.010097 0.042412 -0.014456 -0.000057 -0.003545 -0.002315 0.013958 -0.017540 0.018388 0.006170 -0.026470 -0.023191 0.010200 0.023690 -0.033074 -0.084110 -0.040398 0.018317 0.011809 0.012207
T704 -0.006162 0.021998 0.009467 -0.038902 0.001967 -0.007593 0.002467 0.001505 0.007704 -0.001314 0.006526 0.006879 -0.005116 0.017794 -0.026604 -0.022678 0.005424 0.005710 0.000000 -0.002452
T705 0.004220 0.002887 0.005397 -0.014276 -0.010085 0.012965 0.003757 -0.008162 0.000390 0.000000 0.013050 0.012581 -0.001015 -0.014494 0.006838 0.002035 -0.006838 0.003336 0.000738 0.011193
T706 0.004514 -0.014744 0.018190 -0.007688 0.016819 -0.011960 0.004646 0.016315 0.016507 -0.003070 0.007466 0.005595 -0.009990 -0.011582 0.023917 -0.001564 0.007508 0.007781 -0.006407 -0.005863
T707 0.004545 0.010183 -0.027125 0.007507 0.005346 0.008495 0.001542 0.000786 -0.007237 0.002200 0.055949 0.057769 -0.002086 -0.003627 -0.004970 -0.011761 -0.008774 -0.009686 0.104152 0.006387
T708 -0.006581 -0.012535 0.000493 -0.024739 -0.000764 0.008212 -0.010903 -0.000664 -0.009222 0.000878 0.001620 0.001006 0.011791 -0.017454 0.009857 -0.022476 -0.030107 -0.008576 -0.024790 -0.001401
T709 0.013508 0.000710 0.007006 0.011186 0.019064 -0.009816 -0.019323 0.030834 0.010607 -0.002412 0.024178 0.024575 -0.003930 0.010164 0.018519 0.030520 0.017235 0.007077 0.002887 0.001431
T710 0.003166 -0.012419 -0.001267 0.020855 -0.013760 0.005273 0.008463 -0.000274 0.005042 -0.001539 0.000752 0.001056 -0.002823 0.002915 -0.000449 0.030978 0.023633 -0.022006 -0.003222 0.006146
T711 -0.004276 -0.007186 0.023758 0.004559 -0.019015 -0.012379 0.004983 -0.006254 -0.005196 -0.005284 -0.009165 -0.008816 -0.007265 -0.012846 -0.004751 -0.000797 0.012676 -0.003702 -0.002241 0.000852
T712 -0.015490 -0.017280 -0.030109 -0.017094 -0.010085 -0.016146 0.011743 -0.020551 -0.012505 -0.013502 -0.024642 -0.024097 -0.004982 0.003989 -0.048122 -0.020336 -0.046105 -0.010782 -0.005616 -0.003038
T713 -0.007322 -0.009943 -0.008204 -0.002039 -0.015602 -0.002160 -0.012381 -0.002148 -0.007895 -0.006058 0.001011 0.000545 0.004834 0.000284 0.005557 0.003025 -0.004919 -0.003020 -0.001347 0.007460
T714 -0.048020 0.001023 -0.003763 -0.006009 0.078612 0.000657 -0.004179 0.000000 -0.007695 -0.006772 -0.001786 -0.002647 -0.013745 -0.006904 0.003707 0.001392 -0.015650 -0.005688 -0.005916 -0.010797
T715 -0.017254 0.007431 0.017478 0.009371 0.058714 0.002625 0.008392 0.016661 0.018924 0.002727 0.026451 0.026696 0.015260 0.010381 0.016495 0.021223 0.005910 0.015230 0.005119 0.035972
T716 0.005312 -0.026464 -0.015495 -0.006529 -0.005254 -0.014619 -0.007412 -0.008807 -0.008286 0.002720 -0.000758 -0.000989 -0.006246 0.003016 -0.016580 -0.005581 -0.003712 -0.002854 -0.004658 0.003172
T717 -0.008954 -0.002652 -0.036720 -0.012359 -0.006606 -0.015943 0.002096 -0.008207 -0.005815 -0.003391 -0.012819 -0.013242 -0.004662 -0.002913 -0.047242 -0.021446 -0.004522 0.010642 0.002712 -0.015699
T718 -0.001235 -0.005318 -0.009204 -0.001709 0.005782 -0.002250 -0.002745 0.009603 0.007272 -0.003856 0.000461 0.000232 -0.002186 -0.004995 -0.003901 0.002518 0.008486 0.000145 0.004580 -0.002905
T719 0.000338 0.005442 -0.015589 0.010579 -0.005262 0.005187 0.008128 -0.007378 -0.001308 -0.004326 -0.000307 -0.001002 0.003547 0.017713 -0.036166 -0.019350 0.004396 0.004429 -0.003517 0.003838
T720 0.009393 0.007502 0.029334 0.004901 0.008764 -0.010545 -0.015345 0.016132 0.000917 -0.004574 0.012753 0.013662 0.000658 0.013682 0.070934 0.014514 0.015733 0.008385 0.001351 0.000363
T721 -0.011200 -0.010933 -0.013558 -0.025108 -0.010441 -0.020181 -0.014263 -0.017042 -0.007301 -0.010567 -0.011834 -0.011802 -0.001766 -0.002296 0.004274 -0.009538 -0.011674 -0.006595 -0.018538 -0.011102
T722 -0.004959 -0.003907 -0.011311 -0.007103 -0.001628 -0.013191 -0.002947 -0.003077 -0.004165 -0.007430 -0.008905 -0.008322 -0.010059 0.000644 -0.010332 -0.019471 -0.018049 -0.002381 -0.004079 -0.001100
T723 -0.014555 0.003827 -0.007071 -0.001120 -0.026066 -0.004221 -0.005644 -0.018561 -0.003811 -0.004210 0.010456 0.009480 -0.012404 0.001747 -0.003265 -0.029968 -0.010664 -0.013599 -0.001068 -0.002598
T724 0.002816 -0.011627 -0.001523 -0.002180 -0.017233 -0.004946 0.007432 -0.001007 -0.003348 0.007987 -0.018013 -0.018935 -0.000426 0.002571 -0.001038 0.003797 -0.003936 -0.001687 0.003922 -0.001784
T725 0.007737 0.001543 0.047588 0.004057 -0.002102 -0.004260 -0.010060 0.004733 0.006372 -0.004195 0.006401 0.007139 -0.006034 0.004030 0.084713 0.009295 0.024377 -0.004334 -0.005727 -0.001333
T726 0.007905 0.012323 -0.010808 -0.011188 0.007172 -0.024958 -0.003929 -0.000737 0.000265 0.000936 0.005895 0.005531 0.000964 -0.021981 -0.027658 0.011952 0.012836 -0.002877 -0.006965 -0.004317
T727 0.021949 -0.000190 0.024293 0.002263 0.008026 0.001463 0.000000 0.026563 0.002013 0.008183 0.027142 0.025488 0.005565 0.037956 0.031707 0.034804 0.011000 0.008656 0.003237 0.010526
T728 -0.026170 -0.013127 -0.025235 -0.010349 -0.023292 0.000000 -0.002585 -0.004712 -0.001084 0.006494 -0.020944 -0.019566 0.001703 -0.016622 0.000998 -0.048228 -0.032500 -0.022079 -0.002734 0.000113
T729 0.012643 0.004434 -0.003090 0.003359 0.005327 0.003895 0.006956 0.041224 0.009658 0.006221 0.002070 0.000771 0.007898 0.006944 -0.024278 0.022363 0.025676 0.000225 0.007460 0.004601
T730 0.008846 -0.013626 0.010871 0.005495 0.008907 0.001940 -0.002573 -0.000347 0.001258 0.006870 0.008417 0.008700 -0.003163 -0.011614 0.017754 0.004879 0.008267 0.013723 0.001606 -0.001068
T731 0.021810 0.010507 0.033504 0.006596 0.013438 0.009681 -0.002308 0.033959 0.012511 0.005686 0.028075 0.027173 -0.000317 0.009731 0.041614 0.028537 0.018581 0.011540 -0.004899 0.007706
T732 0.019172 0.005199 0.002641 -0.000437 0.006342 -0.008389 0.005172 0.007623 0.000620 0.006784 0.010628 0.009735 0.002292 0.002000 0.009839 0.010884 0.016187 0.004753 0.003376 0.007731
T733 0.001172 -0.014462 0.034306 -0.013610 -0.008165 -0.001934 -0.005145 0.002275 -0.000129 -0.006739 0.003067 0.002134 -0.005553 -0.011160 0.001847 -0.002278 0.001003 -0.008298 -0.010409 -0.002382
T734 0.008463 -0.000486 -0.054579 0.010317 0.003175 0.007266 -0.002722 0.014378 0.008153 -0.002488 -0.004004 -0.003745 -0.000747 0.007891 -0.017141 0.014296 0.003481 0.007927 0.002085 0.006274
T735 0.001267 -0.019154 -0.000401 0.002381 0.009551 -0.005530 -0.006688 0.001783 -0.018796 -0.000453 -0.000658 0.000811 -0.006336 -0.021213 0.000804 0.020005 0.010628 -0.003204 -0.024069 -0.005490
T736 -0.035793 0.006741 0.000115 -0.012500 -0.001091 0.000242 -0.006321 0.000672 0.004429 -0.012701 -0.009802 -0.009649 -0.013326 -0.009488 -0.030550 -0.006508 0.002261 -0.020162 -0.013351 0.003329
T737 -0.029249 -0.008763 -0.017472 -0.007721 -0.012021 -0.015470 0.017146 0.004828 0.008688 0.004365 0.006131 0.005950 0.010492 0.013616 -0.017424 -0.005878 0.001353 0.023485 -0.010619 0.000359
T738 0.003492 0.000596 0.000607 0.004146 0.012776 -0.003437 -0.004894 -0.005509 0.000491 0.008234 0.007342 0.008280 0.003198 0.010283 -0.014468 -0.000767 0.001251 0.002550 0.005841 0.003731
T739 0.006623 0.017075 0.001854 0.002541 0.012593 0.000000 0.010246 -0.002289 0.006567 0.008621 0.003936 0.003960 0.001934 -0.004127 -0.008646 0.005781 0.009782 0.019109 -0.000897 0.006526
T740 -0.017061 -0.000488 -0.017017 0.004245 -0.002906 0.026854 -0.019337 -0.006008 -0.003673 0.009222 -0.012124 -0.011540 0.003396 0.003868 -0.006818 -0.023958 -0.028221 -0.001069 0.010680 0.006183
T741 -0.011855 0.002832 0.009958 0.004038 -0.018211 0.016555 0.004275 -0.007417 -0.007141 -0.002674 0.010509 0.010123 0.003776 -0.011099 0.013706 -0.051646 0.004314 0.009921 -0.008136 0.000109
T742 0.008782 -0.000389 0.021936 0.016589 0.026293 0.018173 0.008650 0.010425 0.012073 0.007539 0.010836 0.010167 0.010611 0.010833 0.002111 -0.028503 -0.002148 0.011449 0.016829 0.004567
T743 -0.004154 -0.008865 -0.022899 0.012177 -0.011700 -0.009967 -0.003948 -0.017385 -0.004643 -0.012925 -0.004964 -0.005069 -0.022931 -0.006652 -0.036879 -0.008864 -0.017844 -0.008315 -0.011034 -0.004438
T744 0.016913 -0.007273 -0.001973 -0.025160 -0.000576 -0.001639 0.009293 -0.005705 -0.001186 -0.004135 0.004772 0.005895 -0.001833 0.002790 0.001503 -0.006399 -0.001846 -0.007891 -0.000797 0.006986
T745 0.006181 -0.003267 -0.000941 -0.001754 -0.014432 0.000938 -0.008531 -0.010878 0.005806 -0.006689 -0.000936 -0.001230 0.001476 -0.004266 -0.010144 0.004564 -0.010683 0.011789 -0.006474 0.000135
T746 -0.019992 -0.003874 -0.016611 -0.013304 -0.014084 -0.008903 0.007375 -0.010582 -0.028118 -0.000465 -0.030541 -0.031150 -0.003344 -0.000466 -0.029435 -0.024987 -0.003110 -0.002808 0.005714 -0.009879
T747 -0.008889 -0.013462 -0.026741 -0.016028 -0.010636 -0.013948 -0.007321 -0.036708 -0.016842 -0.003021 -0.023999 -0.024675 -0.021573 -0.005405 -0.028931 -0.005566 -0.036842 -0.014641 -0.007419 -0.009651
T748 0.004945 -0.007884 0.025632 -0.010536 0.008652 -0.018940 -0.010516 0.008327 0.001369 -0.013516 -0.000837 -0.001457 0.003687 -0.003654 0.014458 -0.011298 0.008298 -0.004572 -0.010218 -0.008588
T749 0.007380 -0.006928 0.005802 0.000980 0.011549 0.002444 -0.003175 -0.000511 0.009706 -0.005670 0.007009 0.006603 -0.008963 -0.004702 0.014708 0.013138 0.009728 0.004736 -0.003632 0.004304
T750 -0.023398 -0.012722 -0.021226 -0.013770 -0.012050 -0.019503 -0.003046 -0.010073 -0.014260 -0.004514 -0.020579 -0.019373 -0.007636 -0.004252 -0.007366 -0.014423 -0.026542 0.003214 -0.017460 -0.006331
T751 -0.008898 -0.007274 0.000760 -0.008073 0.007214 0.005967 -0.013194 0.010036 0.002182 0.000239 0.015527 0.015322 -0.015240 -0.013758 0.013290 -0.004377 0.003213 -0.005411 -0.011912 -0.004563
T752 0.001526 0.027112 0.018597 0.002202 0.007192 0.018290 0.003659 0.007870 0.003978 0.005488 0.012703 0.013559 0.007396 0.003464 0.014623 -0.003258 0.013068 0.000000 0.008449 -0.002012
T753 0.003046 -0.012944 -0.001707 -0.006923 -0.006725 -0.001699 -0.002805 -0.002538 -0.003052 -0.002136 -0.009615 -0.010959 -0.008095 -0.012943 0.009515 0.003295 0.009828 0.002505 -0.002352 -0.018932
T754 0.014836 -0.011564 0.005262 0.001944 0.003181 -0.015317 -0.004922 0.013426 -0.005747 -0.011177 0.025180 0.025294 -0.021599 -0.003885 0.029495 0.007230 -0.006673 -0.005641 -0.004862 -0.006337
T755 -0.007770 0.000627 -0.024097 -0.029636 -0.026818 -0.015803 -0.004098 -0.019930 0.007077 -0.010822 -0.013835 -0.012969 -0.012648 -0.007606 -0.028248 -0.009413 -0.025197 -0.020322 0.005626 -0.014479
T756 0.007309 -0.001462 0.011021 0.010893 0.011851 -0.001254 0.001277 0.019666 0.015503 0.012643 0.022281 0.021219 0.005187 0.003931 0.012041 0.000398 0.013672 0.011947 -0.007410 0.001895
T757 0.007198 0.005750 0.000061 0.007259 -0.009096 0.001758 -0.018282 -0.000503 -0.023111 0.008163 -0.002055 -0.001257 -0.013995 0.013996 0.014691 -0.011435 -0.002679 -0.004563 -0.008059 0.003986
T758 0.014751 0.007069 0.025975 0.015161 0.010163 0.017302 0.002310 0.032927 0.009950 0.001905 0.020149 0.018583 -0.015898 0.002703 0.024033 0.023941 0.024764 0.011642 0.009071 0.003709
T759 0.008451 -0.001239 0.012564 -0.003348 -0.013025 0.004190 -0.001728 0.003019 0.000509 0.014975 0.005550 0.006106 0.006849 0.005968 -0.010686 0.011638 0.006617 0.007984 0.009088 -0.002570
T760 -0.003352 0.008268 0.002956 0.014178 0.016839 0.017182 0.002597 0.009721 0.013994 -0.004918 -0.002151 -0.002601 0.006402 -0.008517 0.011596 -0.032724 -0.010861 0.016198 0.010034 0.009003
T761 0.007904 -0.050430 0.018814 0.003843 0.003774 0.002172 -0.008922 0.002722 -0.000765 0.001647 0.017960 0.018036 -0.002385 -0.001448 0.022010 -0.019795 0.000663 0.004986 0.015168 -0.000373
T762 0.005061 -0.021057 0.035492 -0.001518 -0.007471 0.000000 0.012052 0.003379 -0.002535 -0.007519 -0.009951 -0.011242 -0.018851 0.001257 0.002970 -0.012926 0.002649 -0.013834 -0.007113 -0.007950
T763 -0.010293 0.007540 -0.024757 -0.001190 -0.032443 -0.002408 0.017934 -0.019065 0.000477 0.009943 -0.012189 -0.011585 0.008611 0.004055 -0.031612 -0.015282 -0.018727 0.003755 -0.001154 -0.001649
T764 -0.000727 0.014416 0.021955 0.011185 0.005556 -0.011586 0.016913 0.014727 0.003572 0.004923 0.013783 0.012667 0.006564 0.001250 0.013946 0.014451 0.003584 0.011082 0.014826 0.003304
T765 -0.008785 -0.000434 -0.020131 0.010472 0.004022 0.006105 -0.000970 -0.003919 0.004878 0.007464 0.003559 0.004457 0.004801 0.000288 -0.046795 -0.014134 0.030528 -0.003281 0.002419 -0.002426
T766 -0.007395 0.037117 0.002974 -0.018525 -0.043030 -0.017718 0.013735 -0.021085 -0.025427 -0.001621 -0.012129 -0.012596 0.019471 -0.020927 -0.039647 -0.026791 -0.031294 -0.021573 -0.025646 -0.013029
T767 -0.002161 -0.001256 -0.021645 -0.012605 -0.022819 -0.010131 0.001642 -0.011187 -0.003393 -0.011828 -0.002154 -0.001522 0.009179 -0.015296 -0.002251 0.160548 0.016888 -0.013244 0.021416 -0.006542
T768 -0.014704 0.014040 -0.016363 -0.053803 -0.010254 -0.009486 0.007702 -0.028206 -0.010212 0.002347 -0.016117 -0.015608 -0.001045 0.022304 -0.016959 -0.002016 -0.031197 -0.006167 0.004802 -0.008268
T769 0.000694 -0.010333 0.010063 0.021332 0.022818 -0.019909 -0.017879 -0.005485 -0.002538 -0.013580 0.008483 0.006637 -0.013018 0.006623 0.038370 0.014665 -0.002083 0.005475 -0.016940 0.002918
T770 0.002544 -0.010127 0.021909 -0.001176 0.005615 0.001029 0.012229 0.003551 0.005008 0.009732 0.016099 0.016923 0.009892 -0.003096 0.016009 0.016935 0.024031 0.024176 -0.011167 0.005314
T771 -0.013492 -0.013079 -0.035728 -0.006232 -0.007918 -0.008220 0.007825 -0.045056 -0.007842 0.006582 -0.095989 -0.095094 0.002954 0.005824 -0.043149 -0.005994 -0.043688 -0.000567 -0.001071 -0.005109
T772 -0.024605 0.004382 -0.026929 -0.001254 -0.024967 0.018907 -0.004495 -0.007412 0.016302 -0.083139 -0.025499 -0.026511 -0.008526 0.018528 -0.034778 -0.018748 0.039195 0.013263 -0.014521 -0.002196
T773 0.007969 -0.012024 0.014043 -0.014162 0.001265 -0.027961 -0.017652 0.000146 0.000567 0.001019 -0.000324 -0.000900 -0.000274 -0.025865 0.004315 -0.014051 0.005554 -0.020020 -0.002571 -0.013238
T774 0.012305 0.001616 0.003447 0.013870 0.015327 0.018044 0.029113 0.016642 0.022508 0.024173 0.019044 0.018744 0.017165 -0.001362 0.016321 0.030688 0.026227 0.011214 0.020226 0.017184
T775 0.002819 0.016667 0.000143 0.019264 0.000470 0.014385 0.016784 0.015282 0.008684 -0.001988 -0.003579 -0.003053 0.007765 0.000195 -0.009256 0.003926 0.023411 0.016176 0.008795 0.011618
T776 0.018739 0.004865 0.013751 0.002876 -0.008363 0.002786 -0.002529 -0.011678 0.012926 -0.006721 0.018116 0.019101 -0.000763 0.001461 0.037886 0.020647 0.019988 0.008272 -0.000241 0.007090
T777 0.020693 0.009999 0.021526 0.030044 0.026169 0.044192 -0.001735 0.022855 0.006613 0.019298 0.007917 0.008225 0.018628 0.000000 0.027903 0.010757 0.010026 0.009996 0.018452 0.015331
T778 -0.005181 -0.001250 0.013061 0.012662 0.007091 0.035277 0.000267 -0.003677 0.007314 0.000000 0.013921 0.012628 0.003822 0.005153 0.034455 0.018012 0.012228 0.006758 0.003501 0.007994
T779 0.014605 -0.008765 -0.002096 0.001506 0.039416 -0.005206 0.005212 0.003992 0.001248 -0.003196 0.008284 0.008908 0.003882 0.009286 0.016576 0.005505 0.004104 -0.001017 0.004573 -0.014724
T780 0.014451 -0.002105 0.019289 -0.000065 0.013620 -0.001903 0.000266 0.026793 -0.009415 -0.000740 0.007227 0.005528 -0.000892 -0.003258 0.004459 -0.000299 0.007649 -0.001425 -0.007931 -0.001327
T781 0.005885 -0.000633 0.014825 0.000196 0.002802 -0.003336 0.000133 0.016482 0.007603 -0.007652 0.006495 0.006643 -0.004392 0.003846 0.013470 0.004694 0.018602 -0.003330 0.002791 0.000375
T782 -0.002625 -0.012561 0.000274 -0.004183 -0.003337 -0.007652 -0.001329 -0.015008 -0.003263 -0.002239 -0.011781 -0.012136 -0.002168 -0.019349 0.008073 -0.003435 -0.008907 0.001705 -0.008349 0.005429
T783 0.023220 0.004490 0.050626 0.013192 0.021251 0.013976 0.003860 0.027889 0.022661 -0.002244 0.017997 0.018044 0.003297 -0.009670 0.029500 0.027784 0.024203 0.004902 0.005993 0.006836
T784 -0.008584 0.019368 -0.011060 -0.000259 0.014631 0.014734 0.006894 0.006221 -0.000225 -0.000500 -0.003133 -0.003771 0.005265 0.010652 0.005896 -0.005858 0.005750 -0.002710 -0.009882 -0.001569
T785 0.014286 0.013467 0.027489 0.016652 0.017405 0.038876 0.009348 0.043857 0.010031 0.005500 0.013394 0.011583 0.008506 -0.002928 0.021308 0.009064 0.024686 -0.001359 0.030038 0.012114
T786 0.003041 0.009477 0.002508 0.016060 -0.016600 0.011722 -0.015523 0.000036 -0.002502 0.013178 0.007015 0.007484 -0.004052 -0.008026 -0.015466 0.029622 -0.004999 0.001292 0.011081 0.007170
T787 0.009042 0.023061 -0.016250 -0.002383 0.002573 -0.004679 0.006758 0.002538 0.014004 -0.001227 0.017011 0.017159 0.021192 0.006315 0.012109 0.010846 0.002120 0.001970 0.005869 0.008604
T788 -0.000106 -0.007082 0.018946 0.022068 0.002045 0.015447 -0.005264 0.005764 -0.001249 0.002948 -0.012689 -0.011831 -0.001340 -0.002353 -0.003678 -0.002227 0.003189 0.001492 -0.000684 -0.002584
T789 0.009278 0.016574 0.018390 0.007936 0.007237 -0.002205 -0.001456 0.007748 0.000956 0.000490 0.007156 0.006947 0.011895 0.009140 0.022536 0.018373 0.019194 0.005348 0.008622 0.006687
T790 -0.004231 0.007016 -0.014572 -0.009521 -0.004082 -0.003756 0.014575 -0.004110 0.008916 -0.001959 0.005075 0.005284 0.005161 -0.004577 -0.009225 0.001012 0.002219 0.000741 0.004071 -0.000913
T791 0.003515 0.007752 -0.009376 0.009243 -0.004785 -0.001552 0.009273 0.003647 -0.000704 0.010550 0.010100 0.011097 0.005205 -0.005185 -0.024588 0.006422 0.001885 0.002019 0.006712 0.002216
T792 -0.007004 0.001655 0.007068 0.003846 -0.004604 0.004665 0.000388 -0.000283 0.006317 0.006798 -0.012855 -0.012997 0.002164 0.001869 -0.019295 0.003264 0.006332 0.000470 0.003535 0.002432
T793 -0.000948 -0.001555 -0.029248 -0.002311 0.004882 -0.003316 -0.002587 -0.005035 -0.003428 -0.000723 -0.001230 -0.002048 -0.002478 -0.004319 0.009754 -0.000813 -0.004971 -0.001208 -0.019752 -0.003695
T794 0.003214 -0.006329 -0.004094 0.009876 0.003549 -0.004880 0.009856 0.006842 -0.005014 0.009170 0.004129 0.005791 0.000887 -0.012324 -0.008727 -0.000355 -0.007919 -0.002823 0.006277 -0.003570
T795 -0.005409 0.015383 -0.005833 0.010684 -0.004972 0.019840 0.000128 0.021519 0.001607 -0.001435 -0.016015 -0.016108 -0.006062 0.009483 0.006671 -0.003779 0.020579 0.007885 0.001085 -0.003777
T796 0.003063 0.006369 -0.016050 0.019949 -0.000189 0.007650 0.011428 -0.009996 0.005785 0.006705 -0.018182 -0.018224 0.011230 0.013349 -0.028459 -0.006748 0.010030 0.010410 0.017158 0.003652
T797 0.006791 0.005657 0.004613 0.017509 0.010833 0.024512 -0.000889 0.005005 -0.001927 0.013321 -0.004480 -0.005056 0.014618 0.009563 -0.000107 -0.017364 0.007364 0.011964 0.027079 -0.008139
T798 -0.009465 0.002956 -0.006484 -0.002935 -0.007938 0.002964 0.003558 -0.006704 -0.012291 -0.002347 -0.020177 -0.019642 0.000594 0.015465 -0.026836 -0.025422 -0.004589 0.003613 0.010935 -0.001148
T799 0.021063 -0.007986 -0.011743 -0.014834 0.004316 -0.014144 -0.016460 0.002297 -0.006566 0.001647 0.013473 0.013306 0.001433 0.011137 0.023294 0.002754 0.000873 0.007853 -0.007396 -0.004570
T800 -0.005687 0.005654 -0.010382 -0.018573 0.000632 0.024839 -0.002703 -0.009707 -0.009060 -0.028424 -0.007252 -0.007405 0.001117 -0.005648 -0.022828 -0.018499 -0.002892 0.009740 0.003446 -0.007464
T801 0.010139 -0.008481 0.020605 0.006627 0.028022 0.013372 0.001936 0.009289 -0.004147 -0.000967 0.053413 0.053146 -0.000244 -0.016567 0.024020 0.011797 0.002113 0.005531 -0.000777 0.000908
T802 0.007412 0.004421 0.023898 -0.001127 0.011342 0.008041 -0.005798 0.004217 0.006572 -0.000484 -0.013073 -0.014168 -0.004393 -0.001251 0.019530 0.003894 0.016578 0.000256 -0.007430 0.001077
T803 -0.012927 0.016362 0.089950 -0.000237 0.021896 -0.015136 0.006090 0.022234 0.017370 0.002179 -0.014198 -0.012594 0.012678 0.005976 -0.018503 0.013509 0.008640 0.015665 0.009836 0.011272
T804 0.007920 0.004331 0.041817 0.015737 0.016670 -0.001869 0.012236 0.012818 0.045268 -0.000725 -0.007869 -0.005777 0.007851 -0.000096 0.022090 0.006762 0.016111 0.010010 0.003793 0.008290
T805 0.016691 0.005343 0.016237 0.020580 0.006384 0.026633 0.010179 0.026995 -0.042135 0.015957 0.002470 0.000378 0.015476 0.026351 0.009044 0.036674 -0.001172 -0.005547 0.016229 0.005583
T806 0.000758 0.012587 0.015417 0.024633 0.004696 0.018241 -0.039300 -0.014814 0.002398 0.002142 -0.005748 -0.004752 -0.019971 -0.004326 0.005448 -0.021147 -0.049257 -0.016797 0.026068 -0.010800
T807 -0.002726 -0.012063 0.021012 0.009225 0.011284 -0.008161 0.009309 0.012193 -0.005711 -0.008549 0.004805 0.005002 -0.009482 -0.007272 0.011169 0.004746 0.026235 -0.004590 -0.003623 -0.004524
T808 -0.008503 0.007177 0.015278 0.012465 -0.002469 -0.003412 0.014029 0.016302 0.004222 0.010779 0.025030 0.024133 0.010304 0.008848 0.024279 0.029784 0.007848 0.000705 -0.003637 0.008836
T809 0.005360 0.003331 -0.001901 0.016360 0.012897 0.025574 0.000897 0.004900 0.007309 0.005687 0.006633 0.006259 0.001723 0.004244 -0.009445 0.018308 0.005670 -0.002496 0.006429 0.005978
T810 -0.010714 -0.009408 -0.025624 -0.027456 -0.013108 -0.016886 -0.009983 -0.009253 -0.013905 -0.027979 0.011296 0.012367 -0.005985 -0.010611 -0.030098 -0.011616 -0.019655 -0.008533 -0.019823 -0.017827
T811 -0.000770 0.010056 0.015229 0.022917 0.014510 0.010585 0.007240 0.008575 0.006817 0.000248 0.015323 0.015035 0.008305 0.009776 0.018270 0.004783 0.010032 0.002524 0.017953 0.002223
T812 -0.005548 0.005070 -0.004710 0.004221 0.004589 0.005138 0.007573 0.004960 0.003935 0.001240 0.006488 0.007620 0.001064 0.012313 -0.003266 -0.009865 -0.004581 0.005035 0.006072 0.000927
T813 -0.002841 0.001834 0.008833 0.002102 0.008754 0.009438 0.006879 0.001250 -0.001972 -0.000496 0.000701 0.000212 0.003977 -0.000650 0.009195 0.009101 0.005276 0.007193 0.007020 0.001010
T814 0.000518 0.005127 -0.005054 0.005915 -0.008975 0.002337 0.000759 0.006834 0.003122 -0.003966 -0.009662 -0.008126 0.005771 0.003252 0.002800 0.001222 0.003608 0.007078 0.002120 0.000336
T815 0.002226 0.005556 -0.003339 0.003956 0.004479 0.001166 0.001770 -0.001748 -0.003502 0.000000 -0.001131 -0.000997 0.004379 0.007316 0.002125 -0.002603 -0.001847 0.006395 0.000854 0.001737
T816 -0.005424 -0.002989 -0.005488 -0.002450 -0.000915 -0.001553 0.005931 -0.004761 0.002294 0.003982 -0.002477 -0.003851 0.002265 0.002298 0.000000 -0.007400 0.005737 0.008682 -0.001626 -0.002545
T817 -0.035787 -0.001999 -0.027655 0.005178 -0.018792 0.031104 0.012671 -0.034031 -0.002751 0.030739 -0.009721 -0.010881 0.001787 0.038708 -0.027341 -0.037751 -0.026851 0.009855 -0.008916 0.016262
T818 -0.007488 -0.003004 -0.024692 -0.010568 -0.020482 0.011312 -0.010282 -0.020902 -0.002124 -0.004329 0.005732 0.005428 -0.008921 0.013511 -0.012436 0.003757 -0.017774 0.001050 -0.007107 0.011836
T819 -0.012700 0.013331 -0.009040 0.007646 0.003130 0.002424 0.005633 -0.007308 -0.000294 0.002898 -0.016529 -0.018212 -0.009002 0.019517 0.009019 0.009378 -0.005079 0.001357 -0.002648 -0.008371
T820 -0.004013 -0.001622 0.000257 0.010260 -0.003450 0.010415 -0.004481 0.003749 0.001297 -0.000722 -0.004709 -0.004839 -0.009426 0.001795 0.022897 -0.001285 0.006385 0.006593 -0.004771 0.005252
T821 0.024175 0.014440 0.024369 0.000794 0.016050 -0.005890 0.005251 0.015891 -0.002029 0.010123 0.022855 0.022913 0.010070 0.001365 0.064281 0.023141 0.029727 0.000245 0.002959 0.007084
T822 -0.002263 0.002936 0.007108 -0.012896 0.007621 -0.009813 0.005224 0.012887 -0.003919 -0.001193 0.014445 0.015197 -0.003528 0.008945 0.016975 -0.006061 0.003461 -0.001285 -0.013340 -0.003477
T823 0.005671 0.014814 -0.001774 -0.009638 0.009148 -0.008601 -0.003341 0.005816 -0.001992 -0.019111 0.008698 0.009436 0.011070 0.003631 0.022770 -0.007799 0.022371 0.000551 0.006697 0.002780
T824 -0.003223 -0.003074 0.017963 0.000324 0.008841 -0.017729 0.000124 0.000016 0.000197 0.013151 -0.000904 -0.001406 0.000204 -0.003618 0.008684 0.029059 0.017024 -0.006859 -0.010962 -0.012448
T825 0.001778 0.003700 0.007000 -0.016160 -0.014042 0.010369 0.004345 0.005076 0.007291 -0.006250 0.003967 0.004012 -0.002312 0.001689 -0.002043 -0.000142 0.003744 0.002282 0.005627 0.000771
T826 -0.012317 -0.001405 0.006572 -0.005878 0.000371 -0.014253 -0.005933 -0.013027 -0.005551 -0.008950 -0.001109 -0.001122 -0.008110 -0.001180 0.030561 -0.022188 -0.002222 0.003322 -0.006310 -0.006930
T827 -0.005174 0.001494 -0.010126 0.000166 -0.003939 -0.009832 0.006589 -0.006608 0.000246 -0.005614 -0.008259 -0.007158 0.000241 -0.003038 -0.005835 -0.001891 -0.000028 0.007297 -0.001693 -0.005012
T828 0.032571 0.000790 0.036460 -0.006685 0.011149 -0.004868 -0.001606 0.019205 0.002704 -0.007364 0.014697 0.014208 0.010990 0.003471 0.018804 0.010368 0.025318 0.003774 0.009245 0.008600
T829 0.015533 0.005876 0.058825 0.018800 0.024853 0.008022 0.000373 0.017698 -0.001152 -0.002720 0.020553 0.020212 0.020961 0.002953 0.041746 -0.004863 0.004223 0.001638 0.005378 0.012721
T830 0.012163 -0.004360 0.007678 0.010045 -0.030552 0.025621 0.000498 0.013549 -0.002234 0.003719 -0.001757 -0.002664 -0.007054 0.004542 0.002740 0.005715 0.004459 -0.004723 0.016049 0.002916
T831 0.006653 -0.001664 0.004760 0.002486 -0.004392 0.008705 0.012310 0.008262 0.003494 -0.000988 0.006567 0.007192 0.005496 0.003433 0.003671 0.013341 0.001289 -0.003893 0.000905 0.011085
T832 -0.003484 -0.028333 0.022474 0.001887 0.001756 -0.000750 -0.016337 0.000566 -0.016205 -0.012611 0.011232 0.011289 0.001300 -0.008011 0.024869 0.107032 0.013273 -0.010627 -0.004110 0.011958
T833 -0.001697 0.015167 -0.019037 0.012109 0.001859 0.008825 0.014236 0.008347 0.005457 0.007012 0.021882 0.021318 -0.010751 0.010515 0.004156 0.031439 0.004283 0.003457 -0.003136 0.011312
T834 -0.009013 -0.003913 -0.020423 0.071037 0.004667 -0.001117 0.019823 -0.000203 0.001413 -0.000249 0.000976 0.002107 -0.016655 0.005744 -0.009510 0.014982 0.003587 -0.002461 -0.004885 0.011947
T835 -0.003586 0.012856 0.010698 -0.002830 0.009740 0.008198 0.013642 0.017962 0.003886 0.008209 0.006828 0.008673 0.000171 0.003807 0.023496 0.009414 0.023134 0.005735 0.019884 -0.005760
T836 -0.019246 0.000265 -0.007892 0.016380 0.000357 0.055073 0.003216 -0.007903 0.005523 -0.001727 -0.011560 -0.013354 0.008005 0.003133 0.004947 -0.022473 -0.001918 -0.008523 0.006241 0.010361
T837 -0.019358 -0.002908 -0.023308 -0.016703 -0.013412 -0.016115 -0.000356 -0.025304 -0.007405 -0.008403 -0.073505 -0.075003 -0.006550 -0.007233 -0.019865 0.002239 -0.025874 -0.002907 -0.011228 -0.008808
T838 0.013341 0.011843 0.016958 0.012354 0.014535 -0.001958 0.022803 0.002423 0.009436 0.039880 0.006417 0.007566 0.018311 0.046365 0.024379 0.006027 0.007316 0.007877 0.021892 0.007036
T839 -0.005405 -0.020788 0.020275 0.015697 0.000826 0.000180 -0.017417 0.010619 -0.003817 -0.008629 0.005816 0.008643 -0.003455 0.000238 0.049709 -0.005057 0.013359 -0.004431 -0.003771 0.011153
T840 0.009847 -0.004103 0.015323 -0.002277 0.017861 -0.018725 -0.006263 0.001595 -0.015869 -0.020309 0.009684 0.009130 -0.037300 -0.001820 0.047944 -0.004569 0.004531 0.001422 -0.006805 0.000026
T841 0.008632 0.021048 -0.016451 -0.001408 0.005501 -0.002752 -0.004162 -0.008274 0.037266 0.001974 0.003312 0.002923 -0.004616 0.005548 -0.015995 -0.010995 -0.009416 -0.006234 0.013096 0.007626
T842 0.000581 -0.006053 0.028144 0.016679 0.017553 0.003496 0.001433 0.012388 0.003056 -0.008374 0.008734 0.009993 0.009415 0.004650 0.027498 0.006152 0.016644 0.004845 -0.002842 0.009956
T843 -0.005755 -0.007766 0.014080 0.010188 0.035401 -0.004584 0.004770 0.015392 -0.006789 -0.004223 0.003682 0.002542 0.016010 -0.006747 -0.006534 -0.001377 0.011412 -0.005254 -0.001365 -0.000428
T844 0.004094 -0.005515 0.006809 0.005966 -0.021363 -0.005526 -0.009494 0.007794 0.013092 0.000499 0.020378 0.021178 -0.008427 -0.009162 0.035784 0.004995 0.016925 0.007830 0.002532 0.002189
T845 -0.009002 0.006440 -0.014368 -0.000988 0.008528 -0.001297 0.001198 -0.001777 0.000453 0.010970 -0.009919 -0.009866 -0.000104 -0.000877 0.001594 -0.006182 -0.031478 -0.002651 -0.008218 -0.001632
T846 -0.011274 -0.010575 -0.010553 -0.012202 -0.011245 -0.021513 -0.001077 -0.028463 -0.008007 -0.007891 -0.015868 -0.016200 -0.008050 0.000718 -0.001661 -0.005969 -0.017260 -0.001731 -0.007235 -0.007317
T847 -0.004810 0.006467 0.008445 0.005866 -0.002482 0.023124 0.002875 0.029516 0.005165 0.004226 0.005261 0.005512 0.003692 0.003109 0.024567 0.044741 0.023573 -0.000372 0.018322 0.009828
T848 -0.001575 0.014100 0.002258 0.007729 0.003304 0.022786 -0.001672 0.010881 0.024594 -0.005693 -0.021748 -0.021721 0.012805 0.005722 -0.016807 0.024390 -0.015152 0.000929 0.001759 0.011965
T849 -0.008430 0.003256 -0.015485 0.000141 -0.009017 -0.006521 -0.001077 -0.012856 0.006858 0.000249 -0.015145 -0.015760 0.000548 0.009878 -0.000619 -0.016025 -0.019231 -0.007180 -0.015805 0.006296
T850 -0.004114 0.023068 -0.015199 -0.000329 -0.004299 0.010392 0.013536 -0.014991 0.010032 0.001742 0.003104 0.004270 0.002158 -0.003287 -0.043532 -0.015104 -0.015895 0.010224 0.002230 0.002857
T851 0.004186 0.010545 0.000734 -0.007530 0.010881 -0.001624 0.008273 -0.011828 0.008028 0.005466 0.011533 0.010133 0.004305 0.005888 -0.028509 -0.003095 -0.006509 0.012342 0.016913 0.005158
T852 0.011244 0.009756 0.063098 0.014700 0.042998 0.010302 0.008088 0.030786 0.017226 0.010625 0.010289 0.010803 0.006839 0.008898 0.164009 0.026371 0.028438 -0.003048 0.012693 0.014441
T853 -0.010034 0.003697 -0.006537 0.002663 -0.101494 0.000537 0.002907 0.002873 0.001185 0.005624 -0.000207 -0.000902 0.006184 0.001470 0.003552 -0.008344 0.002288 0.004830 0.009430 0.004962
T854 -0.007451 -0.006446 0.009843 0.011186 -0.001771 -0.010191 -0.001159 0.006108 -0.005854 -0.010212 -0.045013 -0.044387 -0.002116 -0.004712 0.003489 0.007009 0.011272 -0.002616 -0.016621 -0.019366
T855 0.008114 0.005982 -0.009854 0.004701 -0.006180 0.006322 0.003018 0.008315 -0.000315 0.004667 0.009730 0.009522 -0.011309 0.001475 -0.004944 0.023858 -0.016058 0.004332 0.002573 -0.000562
T856 -0.006625 0.005444 -0.005254 0.000229 0.005034 -0.011847 0.004629 -0.015238 0.014389 0.002201 -0.019058 -0.018001 0.004868 -0.006510 -0.013189 -0.008626 -0.009581 -0.004981 0.007937 0.007899
T857 -0.003693 -0.011745 0.008585 0.006375 -0.007667 0.007993 -0.003341 0.005659 -0.005275 -0.001952 0.017100 0.015252 -0.004225 -0.008113 0.018657 0.010797 0.015202 0.000919 -0.001181 -0.006648
T858 -0.006030 -0.000169 0.075879 0.001094 0.008908 0.001982 -0.000347 0.005476 0.000869 -0.001222 -0.012162 -0.009534 -0.005303 -0.001494 0.040032 0.027234 0.002969 0.000429 -0.002799 -0.005594
T859 -0.025381 0.011971 0.002208 -0.003414 -0.010952 0.009712 0.003931 0.002835 0.014225 -0.027656 -0.028100 -0.027636 0.000722 -0.022921 0.035951 -0.005667 0.003180 -0.000184 0.001937 -0.009138
T860 -0.028441 -0.012996 -0.042439 -0.007812 -0.008999 0.002138 -0.001152 -0.042908 0.011765 0.005286 -0.003130 -0.005099 0.005499 -0.009835 0.008576 -0.028141 -0.046309 0.015673 0.000907 -0.006569
T861 -0.005878 0.007259 0.005400 0.005755 -0.000647 0.018308 0.005188 0.016491 0.005749 0.037807 -0.009120 -0.009573 0.001333 0.007490 0.031827 -0.001353 0.001229 0.009162 -0.010643 0.008035
T862 -0.000709 0.013239 0.042230 0.022751 0.017103 0.007506 0.011012 -0.001445 0.003624 0.002412 0.020217 0.022679 -0.006213 0.001939 0.044746 0.018103 0.036461 -0.018098 -0.007809 -0.003886
T863 0.010237 0.000331 -0.069857 -0.000224 0.002283 -0.003638 -0.000794 0.003680 -0.005889 0.007702 0.007764 0.007665 0.004947 -0.003952 -0.055477 -0.006064 -0.013540 -0.002433 0.007710 0.001889
T864 0.011831 -0.006366 -0.011920 -0.014236 0.004889 -0.001739 0.000681 -0.001319 0.014982 0.019346 0.019444 0.016690 0.007759 -0.005911 -0.020039 -0.006432 -0.001241 0.004696 -0.004343 0.003994
T865 0.002778 0.004742 -0.000959 0.011172 -0.000782 0.000697 0.007149 0.018083 0.004239 0.008669 0.004894 0.006029 -0.001730 -0.000896 0.071572 0.016891 0.043370 -0.006555 0.005243 0.000544
T866 -0.012122 -0.004968 -0.026326 0.000719 0.000000 0.005396 0.004957 -0.011424 0.010232 0.006969 0.008237 0.009314 -0.038905 -0.004076 -0.011152 -0.002667 -0.016060 0.002505 -0.007684 0.007778
T867 0.010927 -0.010902 0.003498 -0.010502 0.003303 -0.011600 -0.009529 -0.007679 -0.002000 0.021453 0.025361 0.023679 -0.003995 -0.007249 -0.032391 0.005841 0.003360 -0.007496 -0.012798 -0.003430
T868 -0.002196 -0.028271 -0.021208 -0.009117 -0.027788 0.009108 0.001132 -0.037721 -0.012048 -0.009259 -0.015034 -0.013417 -0.009193 0.008381 -0.001217 -0.011631 -0.045645 -0.006447 -0.007844 0.003442
T869 0.006372 -0.026409 0.001408 0.011489 0.010823 0.017705 -0.002035 0.007786 -0.004528 0.014588 0.044384 0.046041 -0.002006 -0.000658 0.007036 0.020648 0.015983 -0.004079 0.000942 0.000686
T870 0.013585 0.006403 0.000622 0.003258 0.015952 0.003923 0.005664 0.006599 0.001330 0.002696 -0.003772 -0.004402 0.015399 0.006258 0.010661 0.003800 0.001508 -0.002544 -0.006752 0.008203
T871 0.014709 -0.014670 0.035076 0.028057 0.020682 0.021577 -0.004731 0.008037 0.000129 0.003585 0.011898 0.011630 0.005586 0.013502 0.010895 0.011196 0.014030 0.002613 0.014832 0.010564
T872 -0.040857 0.000090 0.056426 0.005309 0.019371 0.019957 0.004754 0.018197 -0.001050 0.003572 -0.006280 -0.007664 -0.003234 -0.001857 0.011762 -0.007934 0.007322 -0.001427 0.007308 -0.005599
T873 0.005310 -0.008430 0.004058 -0.013792 -0.006327 -0.008316 0.004844 -0.011592 0.004160 -0.022515 0.020371 0.021477 -0.003174 0.001860 0.031213 0.008511 0.001255 -0.001988 -0.012656 -0.005268
T874 -0.008300 -0.005065 -0.001396 0.000310 0.000610 0.002137 -0.006278 -0.007223 -0.002862 0.006515 -0.004085 -0.004643 -0.014188 0.011788 0.007562 -0.000876 0.000633 0.003175 -0.004572 -0.004082
T875 -0.006673 0.013544 -0.014864 -0.006946 0.009413 0.011649 0.002933 0.001502 0.001392 -0.003236 0.003639 0.003998 0.000000 0.001676 -0.025694 0.002837 0.005073 -0.000124 -0.012959 0.004025
T876 0.021213 0.017758 -0.009583 0.014657 0.003392 0.017678 0.011811 0.013577 -0.002823 0.012523 0.001582 0.001327 0.012203 0.049634 -0.024967 -0.024967 -0.025136 0.005649 0.016370 0.013023
T877 -0.010559 0.001586 0.005065 -0.000263 -0.012419 0.007809 0.001112 0.001942 -0.004097 -0.000916 0.002106 0.000398 -0.000248 0.001518 0.001175 -0.010105 0.004480 0.007469 0.005314 0.008611
T878 -0.008456 -0.013813 0.018749 -0.000351 -0.016266 0.003479 -0.010994 -0.015631 -0.001981 -0.009170 0.027847 0.030213 -0.006136 -0.007275 0.000077 0.011493 0.007830 -0.003370 -0.010694 -0.000761
T879 -0.006999 -0.000625 -0.008517 -0.009138 -0.000779 -0.009770 0.000000 -0.020708 -0.004445 -0.006710 -0.004026 -0.005981 -0.008850 -0.004886 -0.010082 -0.000163 -0.014798 -0.003627 -0.003165 -0.003046
T880 0.004797 -0.006606 0.018263 0.004877 0.018589 -0.018300 -0.010779 -0.005729 0.002449 -0.018868 0.003208 0.002329 -0.007921 -0.003452 -0.005455 0.025838 0.002853 0.007280 -0.004041 0.003151
T881 -0.004892 -0.010514 -0.033531 -0.028062 -0.030407 -0.012644 -0.007946 -0.002761 -0.011266 -0.014008 -0.028330 -0.028337 -0.019779 -0.017244 -0.034385 -0.020537 -0.002121 -0.010107 -0.003560 -0.011708
T882 0.004502 0.009899 0.016645 0.013070 0.022706 0.011328 0.005492 0.023274 0.016271 0.002890 0.013163 0.013087 -0.012588 0.002585 0.024481 0.030852 0.034255 -0.003094 0.005484 0.007946
T883 -0.006663 -0.006115 -0.002486 0.007417 -0.000203 0.002110 -0.001821 0.015006 -0.006520 0.007443 0.014291 0.015410 0.003262 -0.011173 -0.009942 -0.012214 0.002680 -0.001304 -0.007107 -0.006330
T884 0.007242 0.017372 -0.001512 -0.019053 -0.005468 -0.001134 -0.000798 -0.000450 -0.008079 0.003575 0.012809 0.011301 0.007027 0.001185 -0.020417 -0.016247 -0.004302 0.000622 0.002081 -0.003077
T885 -0.011139 -0.011295 -0.008778 -0.009962 0.001298 -0.024003 -0.012436 -0.024422 -0.016269 -0.010211 -0.003035 -0.002937 -0.002858 0.000316 0.019741 0.000615 -0.016658 -0.003851 -0.016363 -0.013456
T886 0.043271 0.002519 0.045441 0.002527 0.014428 0.008807 -0.006469 -0.001034 0.005572 -0.005998 0.019853 0.020943 -0.000186 -0.004734 0.041097 0.016489 0.002795 0.001933 -0.002913 -0.003666
T887 0.008627 -0.016141 -0.027769 0.000000 -0.029157 -0.016966 -0.001744 -0.010515 -0.012340 -0.009172 -0.009951 -0.010539 -0.004579 -0.003250 -0.026817 -0.009463 -0.003410 -0.003983 -0.007453 -0.010672
T888 -0.021863 -0.002016 -0.024835 0.000917 -0.013073 -0.018767 0.003727 -0.014474 -0.005945 -0.002436 -0.017966 -0.018196 -0.004338 0.003579 -0.024777 -0.025175 -0.042799 -0.001437 -0.001962 -0.007439
T889 -0.019167 0.002939 0.014015 -0.000275 -0.005124 -0.026298 0.000000 -0.001029 0.002316 -0.004884 -0.002111 -0.002971 -0.003005 -0.008955 0.016442 0.017080 0.012191 -0.000188 -0.011456 -0.008345
T890 -0.008147 -0.030309 -0.034934 -0.003069 -0.006881 0.020168 0.006731 0.002813 0.002266 0.008589 0.005641 0.006930 0.017029 0.002479 -0.038666 -0.006202 -0.011185 0.001877 -0.008778 0.002066
T891 -0.005714 -0.005949 -0.018431 -0.000781 -0.003998 0.002579 -0.000461 -0.007877 -0.000806 0.004866 0.003697 0.003473 0.003816 -0.001117 0.007568 -0.005100 -0.006912 0.004747 0.002530 0.005406
T892 -0.012212 0.019094 -0.043114 0.062253 -0.004466 0.014060 0.010672 -0.005276 -0.000291 0.019128 -0.011051 -0.012307 0.003727 0.004392 -0.100046 -0.090933 -0.023860 0.009201 0.009878 0.012978
T893 0.005091 -0.001957 0.016394 0.008483 0.014109 0.030605 0.013773 0.007601 0.001501 0.011404 0.014321 0.014212 0.013199 0.009222 0.043543 -0.000793 0.011262 0.000185 0.010298 0.009134
T894 0.006392 0.004857 0.020197 0.025579 0.020500 0.028220 0.002830 0.034620 -0.004273 0.007047 0.012472 0.012670 0.004717 -0.000473 0.036533 0.041742 0.026318 0.005482 0.007762 -0.000098
T895 0.012702 -0.006506 0.006108 0.000670 -0.004660 -0.003191 0.003274 0.007307 -0.001663 0.001166 0.007379 0.005497 -0.000470 0.000946 -0.033316 -0.039169 0.007207 0.005697 -0.018240 -0.006826
T896 0.005147 -0.000281 0.029917 -0.008448 -0.004276 -0.010885 0.004726 -0.014320 -0.001103 0.014446 -0.019553 -0.019669 -0.004155 0.029291 0.037087 0.017438 -0.040252 -0.000792 0.049875 -0.002562
T897 -0.003473 0.006270 0.038357 -0.006158 0.005310 0.014080 0.019263 0.016220 -0.001465 -0.003675 0.099652 0.102244 -0.009108 0.003672 0.061756 -0.006321 0.010192 -0.000549 -0.003121 -0.006940
T898 0.024808 -0.002418 -0.004055 0.013920 -0.001784 -0.006384 -0.005714 0.002890 0.004265 0.010143 -0.033335 -0.033731 0.001684 -0.008232 0.000251 -0.003100 -0.003303 0.001769 -0.007579 -0.002835
T899 -0.018271 -0.012119 -0.028649 -0.020467 -0.017859 -0.014937 0.015803 -0.020003 -0.009234 -0.000228 -0.019416 -0.020283 -0.001864 -0.006917 -0.015440 -0.015818 -0.038591 -0.000487 -0.015729 -0.010550
T900 -0.006047 0.003020 -0.044152 -0.010982 -0.010542 0.000326 -0.000218 -0.016655 0.003765 0.000228 0.005649 0.006635 0.005091 -0.003250 -0.038900 0.001943 -0.011135 0.007919 -0.009276 0.004663
T901 0.022032 -0.003481 -0.003452 0.004493 0.016767 0.003097 0.010990 -0.001885 -0.051963 0.003651 0.017455 0.016844 -0.004191 -0.004193 0.033429 0.024361 0.014746 -0.003384 0.011619 0.005068
T902 0.059816 -0.000189 0.031924 -0.007441 0.030081 0.008359 -0.000323 0.024803 0.009485 -0.008868 0.003146 0.003721 -0.010831 -0.005847 0.034632 0.025108 0.030084 -0.001880 0.011233 0.000674
T903 -0.009107 -0.002455 0.025194 0.015427 0.005879 0.020969 0.003230 0.008534 0.007129 -0.002294 0.004971 0.005142 -0.003773 0.000471 0.037741 0.030431 0.013828 -0.013548 -0.004784 0.010103
T904 0.003797 0.005017 -0.005495 0.001408 0.001945 -0.012896 0.009659 0.010258 0.007923 0.008278 0.018548 0.018739 -0.006684 0.022027 -0.017213 0.015126 -0.018209 -0.001108 0.013252 0.003013
T905 0.001864 -0.011585 0.017082 0.006733 0.015141 0.012097 -0.006484 -0.013601 -0.005326 0.010034 -0.010522 -0.010920 0.003701 -0.006366 -0.001568 0.005726 0.010794 0.003946 0.014523 0.000566
T906 0.010014 -0.002573 -0.014864 0.012276 0.032795 0.009084 0.006526 -0.008807 0.005027 0.009483 0.002454 0.003424 -0.002011 0.005249 -0.018416 0.004299 0.002649 0.011362 0.002887 0.006029
T907 -0.006890 0.000669 0.020779 0.013214 0.006804 0.003316 0.010842 0.008694 0.010538 0.004250 -0.007518 -0.007708 0.026311 -0.001305 0.012744 -0.001993 0.009475 -0.002915 0.003203 0.007901
T908 0.017646 0.000287 0.003534 -0.015064 -0.015963 -0.002046 -0.006730 -0.008097 0.000898 0.003118 0.003582 0.002905 -0.013382 -0.005920 0.005797 0.009364 0.000452 -0.005176 -0.006952 -0.002014
T909 0.006174 -0.007254 0.031790 0.012068 0.007437 0.002997 0.001165 0.013122 -0.006141 0.010213 0.006027 0.007095 -0.002432 -0.004873 0.010586 -0.004752 -0.011642 -0.005755 -0.003012 -0.002383
T910 0.012218 0.005576 0.040680 0.000704 0.005216 0.010222 -0.000423 0.031019 -0.002985 0.007692 0.011342 0.012739 0.011860 0.023861 0.035838 -0.000228 0.053976 0.001662 0.006532 0.006143
T911 0.000633 0.002677 -0.016739 -0.001572 -0.015167 -0.001557 0.000000 -0.002686 -0.002623 0.002181 0.008914 0.009681 -0.001315 -0.006453 -0.002864 -0.004890 -0.003366 0.005532 -0.002596 0.000872
T912 0.000158 -0.007438 -0.011925 0.006216 -0.007138 -0.001091 -0.004231 0.011953 0.006586 0.002829 0.010602 0.010793 -0.004131 0.002369 -0.019924 0.017329 0.009287 0.002568 -0.003782 0.009247
T913 0.006162 -0.008454 0.013431 -0.002142 0.016253 -0.014203 0.002762 0.013567 0.000208 -0.003906 0.006599 0.004885 -0.016558 -0.001525 0.024881 0.031750 0.011934 -0.000610 -0.005470 -0.009450
T914 0.006857 -0.002422 -0.010488 0.003219 0.014255 0.025016 0.008264 -0.003477 0.005617 0.009368 0.006052 0.005257 -0.007466 -0.001756 0.006394 0.015277 0.003707 0.002807 -0.035587 0.003317
T915 -0.007538 0.018065 -0.004974 -0.012301 0.000722 -0.014211 -0.004308 0.003669 -0.000575 -0.000216 -0.008577 -0.008265 -0.000376 0.002600 -0.004571 -0.015585 -0.008005 0.006936 -0.001064 -0.000917
T916 -0.021058 -0.005629 0.000754 -0.019284 -0.018933 -0.012535 -0.010870 -0.011950 -0.005727 -0.014680 -0.016517 -0.016045 -0.029499 -0.000076 0.093196 -0.007494 -0.016450 -0.003202 -0.008521 -0.019590
T917 0.016588 -0.002687 0.010443 0.011552 0.011371 0.008886 -0.004588 -0.083457 0.007564 -0.003287 0.007255 0.008297 0.000698 -0.012205 0.025723 0.017430 -0.025905 0.006244 -0.002836 0.003770
T918 0.000053 -0.019240 0.003274 -0.003905 -0.001378 -0.017773 -0.014577 -0.011483 -0.012972 -0.000220 0.009584 0.008058 -0.017706 -0.026257 0.069804 0.003479 -0.013067 0.007891 -0.013101 -0.008615
T919 0.001579 -0.011967 -0.015420 -0.005522 -0.014730 -0.007046 -0.007070 -0.002900 -0.008699 -0.007256 -0.003483 -0.002834 -0.016447 -0.001507 0.008112 0.008659 0.003101 0.009384 -0.013667 0.000470
T920 0.005255 0.010027 -0.019120 0.005425 0.005444 -0.001290 -0.003944 -0.059019 0.009221 0.006423 -0.021646 -0.021546 0.010827 -0.010882 -0.037666 -0.010632 -0.120131 0.010777 0.014875 0.011186
T921 0.005019 0.004423 -0.026047 0.011719 0.005787 0.006136 0.022325 0.023927 0.012578 0.017826 0.002305 0.002266 0.027056 0.008110 -0.007846 -0.009326 0.021204 0.028874 0.021409 0.014170
T922 0.009259 0.006654 -0.005005 -0.013000 -0.003366 -0.006259 -0.005271 -0.015995 -0.002732 0.006487 0.002644 0.003884 0.009836 0.022941 0.048954 -0.012204 0.004841 -0.010745 -0.019328 0.000941
T923 0.001649 0.005444 0.006748 0.001562 0.010022 -0.014373 0.014491 0.008533 -0.004158 0.006015 0.004071 0.003580 0.011434 0.002258 0.012496 -0.003424 0.018012 0.027906 -0.003066 -0.012681
T924 0.007821 -0.001934 0.061819 -0.010790 0.007808 0.012125 -0.001599 0.003863 0.009139 -0.003417 0.011078 0.009322 -0.010391 0.005749 0.051556 0.029527 0.047783 0.013265 -0.000923 0.000781
T925 -0.007097 0.010075 -0.008365 -0.005710 -0.005476 0.002752 0.003416 -0.002821 -0.002827 0.000429 0.007229 0.007525 0.002808 0.008266 -0.011777 -0.002691 -0.001349 -0.002774 0.003958 0.003001
T926 0.012392 0.031745 0.003832 -0.002914 0.003099 -0.002583 -0.000958 0.002183 -0.000346 0.000214 -0.013457 -0.012844 -0.017298 0.001149 -0.000909 -0.010871 -0.006186 0.000278 -0.001489 0.006422
T927 -0.019148 -0.000837 0.024050 -0.000989 -0.006391 -0.005665 0.000106 -0.011605 -0.003920 -0.004497 0.005007 0.004304 -0.009367 0.006275 0.007461 0.004724 0.014797 0.004838 0.004299 -0.007034
T928 0.072649 -0.015629 0.014273 -0.034030 -0.000005 -0.037278 0.000639 -0.000952 0.008056 -0.001936 0.008832 0.009200 0.001852 0.002662 -0.007144 0.006284 0.004075 -0.012674 -0.006726 -0.005623
T929 0.028578 -0.013515 0.023600 -0.002182 0.023150 0.014711 -0.007769 0.045033 -0.003008 -0.011422 0.007688 0.006624 0.000787 -0.012439 0.035481 0.002328 0.013286 -0.025841 -0.004134 0.000661
T930 0.005491 -0.008910 0.122687 -0.008257 -0.005229 0.003666 0.016411 0.004052 0.012967 -0.002616 -0.015705 -0.014793 -0.003065 -0.006375 0.035224 0.004923 -0.016272 0.007595 -0.019208 -0.006972
T931 -0.008168 0.002223 0.033383 0.011837 0.000768 -0.014943 -0.001478 0.001816 -0.006480 -0.010051 0.009222 0.009306 -0.000473 0.000850 0.017514 0.024676 0.026516 0.005026 -0.000090 -0.000936
T932 0.019672 -0.002218 0.054079 0.015346 0.024350 0.012304 0.014056 0.011449 0.008422 0.008574 0.002299 0.002545 -0.000276 -0.009401 -0.006824 0.009636 -0.004227 0.007898 -0.003242 0.004389
T933 -0.010985 0.005220 -0.014408 0.004556 0.005087 0.011988 0.011047 0.011883 -0.001384 0.002237 -0.013033 -0.012131 -0.010729 0.003843 0.035120 0.014560 0.006437 0.001297 0.005421 0.001547
T934 -0.021513 0.024810 -0.037703 0.003925 -0.000277 -0.002632 -0.000619 0.010497 0.005932 0.014063 0.007141 0.006911 0.012002 0.013126 -0.035403 -0.009684 0.005670 -0.006587 0.011636 0.002941
T935 -0.010444 -0.007976 -0.043775 0.000738 0.004285 -0.010393 0.003301 0.026084 0.000271 0.006824 0.014349 0.018888 0.022025 0.008098 -0.032192 0.010441 0.020455 0.001644 0.004175 0.001149
T936 0.003133 -0.003973 -0.036997 0.004731 -0.001981 0.022504 0.017683 -0.013082 0.000881 0.015522 0.002940 -0.002283 0.003817 0.017136 -0.066840 -0.024923 -0.012998 0.006903 0.001106 0.010644
T937 0.004468 0.001804 -0.007172 -0.003802 0.008334 0.003913 -0.002930 0.010563 -0.004446 -0.000646 0.026495 0.026838 -0.011522 -0.000301 0.067564 0.005067 0.020579 -0.001798 -0.010161 -0.007271
T938 0.019993 -0.005783 0.007091 0.000390 -0.007971 -0.005359 -0.004762 0.011119 -0.006233 -0.001292 -0.001132 -0.000815 0.001748 -0.010683 0.002459 0.007852 -0.001192 -0.007431 -0.002008 -0.001728
T939 0.003986 -0.002193 -0.003354 -0.009884 0.006785 0.004898 -0.000611 0.021899 0.004106 -0.019413 0.008038 0.008321 0.001319 -0.012776 -0.019067 0.009813 0.026820 0.006296 -0.000626 -0.005631
T940 -0.016254 -0.007071 0.011893 0.013792 -0.011947 0.031032 -0.011511 0.008857 -0.003203 0.001980 -0.018410 -0.017583 -0.012899 -0.046372 -0.003629 -0.013824 0.016199 -0.006989 0.012485 -0.002819
T941 0.029105 -0.006833 0.021968 0.009760 -0.019341 -0.000473 -0.015458 -0.009799 -0.022493 0.010538 0.005834 0.004612 -0.019032 0.033118 0.006152 -0.001882 0.002911 0.016461 -0.006188 -0.003958
T942 0.016240 0.000000 0.010166 0.009238 0.008065 0.019707 0.006071 0.008375 0.002681 0.000435 0.011491 0.012296 -0.008800 -0.001407 -0.013114 0.008863 0.006528 0.005026 0.002846 0.004714
T943 0.005811 -0.008430 0.043283 -0.001102 0.000174 -0.003401 -0.002393 0.005608 0.006627 -0.002171 0.004180 0.003131 0.008919 -0.014641 0.045733 0.004311 -0.010313 -0.008445 0.000310 -0.003267
T944 0.021620 0.016515 -0.014984 0.002638 0.003385 -0.006671 0.012097 0.013411 0.006421 0.003264 0.024388 0.025724 0.004360 0.004768 -0.019099 0.011927 0.026148 0.004371 -0.001773 0.013308
T945 0.006539 -0.018266 0.024981 -0.004753 0.013862 0.011089 0.005461 -0.013712 0.000046 -0.001735 -0.007710 -0.008237 -0.012904 -0.005298 0.018835 -0.007109 -0.049934 -0.000391 -0.007905 -0.005083
T946 0.003775 -0.004700 -0.007188 0.013816 -0.001794 0.027958 -0.005534 -0.013888 -0.010419 0.014776 -0.000210 -0.000265 -0.008190 0.002067 0.024805 0.000000 -0.028961 -0.000670 -0.007207 0.003520
T947 0.018804 0.013873 0.006565 0.004963 0.003160 0.006461 0.003607 -0.025681 0.008697 0.004925 0.011657 0.011641 0.018998 0.009997 0.026869 -0.011797 -0.001156 0.008210 0.011859 0.007966
T948 -0.023221 0.010966 -0.022204 -0.000753 -0.013443 -0.018961 0.003799 -0.005420 -0.000138 0.003196 -0.027821 -0.029344 0.017206 0.013119 -0.055667 -0.036745 0.008060 -0.009473 0.019206 0.012059
T949 0.013051 0.000384 -0.003095 -0.000503 0.022869 -0.018110 0.003171 0.019924 0.013360 0.013806 -0.002776 -0.002694 -0.003532 -0.009382 0.014443 -0.007890 0.012481 0.004083 0.006558 0.013515
T950 0.016743 -0.006849 0.007956 0.022503 0.015291 0.009610 -0.008361 0.025282 -0.005718 -0.000209 0.007549 0.007889 -0.009334 0.002818 -0.006190 0.013666 0.012340 0.012309 0.025063 0.023513
T951 0.001792 -0.002331 -0.011900 0.023074 0.007605 0.032699 0.001542 0.012109 0.017230 0.006496 -0.014294 -0.013992 0.022820 -0.020918 -0.016194 -0.000198 -0.009195 0.006767 0.029959 0.010313
T952 -0.025296 0.019081 -0.079112 0.001322 -0.031427 0.005054 0.020431 -0.010869 0.007987 0.028316 -0.015526 -0.015768 0.014498 0.003587 -0.066239 -0.013499 -0.032493 0.003170 0.003415 0.015288
T953 -0.020535 -0.044039 0.029106 -0.003041 -0.014808 -0.040231 -0.008854 -0.032539 -0.007234 -0.001215 -0.018618 -0.018396 -0.005671 -0.013027 0.026273 -0.006827 0.003668 -0.006919 -0.003608 -0.008505
T954 0.000580 0.019586 -0.019748 -0.027367 0.009335 0.003853 0.000714 -0.001427 -0.002892 0.002433 0.000948 -0.000169 -0.008631 0.012233 -0.026096 -0.015085 0.016825 -0.001317 -0.002839 -0.016636
T955 -0.001560 0.016564 0.023578 0.009778 -0.014582 -0.009825 -0.001325 0.012505 0.003035 -0.001011 0.022075 0.022571 0.008784 -0.000636 0.047571 0.022358 0.007055 -0.025323 0.003920 0.003476
T956 0.004688 0.001928 0.016826 0.008784 0.002507 0.002481 -0.014293 -0.011513 0.002937 -0.005668 0.001364 0.000661 -0.021153 -0.010423 -0.007690 -0.007320 0.011923 -0.004960 -0.015497 -0.004519
T957 -0.028754 0.032140 -0.075899 -0.023937 -0.028940 -0.015466 0.000518 -0.026464 -0.008158 0.006107 -0.050272 -0.050388 -0.002677 0.012381 -0.068032 -0.010533 -0.045263 0.001869 -0.008852 -0.002788
T958 -0.004805 -0.012120 -0.013744 -0.003361 -0.038336 0.011153 -0.001139 0.009803 -0.001645 0.007689 -0.029879 -0.030991 -0.007538 -0.000556 -0.017243 -0.002987 0.133977 -0.009893 -0.008552 0.001132
T959 0.002161 -0.006795 0.015878 0.023774 0.011233 0.012583 0.030055 0.011240 0.018870 0.012651 -0.002838 -0.001674 0.002147 -0.004688 0.006947 -0.004290 -0.001424 0.002227 0.021287 0.010086
T960 0.001285 -0.004466 -0.009299 0.008134 0.014628 -0.013501 0.014991 0.004737 -0.003168 0.001983 0.014525 0.015150 0.037381 0.020118 -0.013002 -0.006985 -0.034497 0.007634 0.007447 0.001485
T961 0.002566 0.005250 -0.044601 0.018516 -0.009091 0.024417 -0.003866 -0.000880 0.001978 0.000396 0.004266 0.004483 0.019203 -0.098059 -0.070436 -0.006986 -0.000325 -0.008537 0.013545 0.006730
T962 0.014991 0.005887 0.119565 0.002218 -0.001607 -0.015030 -0.012937 0.018166 0.005878 -0.030465 0.007506 0.007340 -0.003903 -0.018395 0.128121 0.009268 0.019517 0.039462 0.005297 -0.006255
T963 -0.016751 0.039740 -0.085014 -0.017231 -0.013682 -0.024661 0.017542 -0.014721 -0.000353 0.020608 -0.004043 -0.004547 0.012623 0.006099 -0.066741 -0.005570 -0.003696 0.026278 -0.009160 -0.015257
T964 0.006869 0.010531 -0.021766 -0.065948 -0.091712 -0.071429 0.018627 -0.021793 0.001456 0.020992 -0.023485 -0.024010 0.029544 0.012124 -0.017764 -0.017940 -0.025561 0.009034 -0.018407 -0.007990
T965 -0.048167 -0.024077 -0.012098 -0.027381 0.016616 -0.034192 -0.017897 -0.033578 -0.023128 -0.033679 -0.046081 -0.044462 -0.029780 -0.025087 -0.063578 -0.024591 -0.011851 -0.010013 -0.021253 -0.034177
T966 -0.009748 0.008009 0.012950 0.023017 0.009946 0.006227 0.016738 0.015457 0.004870 0.002634 -0.000623 -0.006028 0.005997 -0.010329 0.037830 0.018411 0.014950 0.016000 0.015668 0.020352
T967 0.012498 0.004018 -0.053155 -0.010038 -0.032618 -0.007956 -0.002240 -0.004638 -0.008527 0.011116 0.001308 0.004106 -0.002555 0.012056 -0.051223 0.003133 -0.021023 0.003845 -0.007168 0.011560
T968 0.016633 -0.001637 0.069494 0.020717 0.026993 0.033684 0.002734 0.027353 0.012855 0.008395 0.019222 0.019441 0.006757 0.012712 0.061268 0.030860 0.025584 0.015846 0.015622 0.010585
T969 0.013736 -0.009566 0.017291 0.018455 0.014198 -0.002759 -0.006231 0.006516 -0.001162 -0.000396 0.009461 0.010122 -0.012095 0.005530 -0.002096 0.005695 0.018766 0.003047 -0.012555 0.000301
T970 0.007130 -0.008371 0.002428 -0.003363 -0.001124 0.000000 -0.007740 -0.004427 -0.000537 -0.002379 -0.008707 -0.008432 0.005786 -0.009341 0.040764 -0.001262 -0.005499 0.003862 -0.003242 -0.002965
T971 0.017193 0.004082 0.050733 0.008184 0.037387 0.005360 -0.006813 0.029359 0.006536 0.015901 0.012077 0.011523 0.003154 0.008019 0.065309 0.023502 0.015100 0.001949 0.002196 0.004693
T972 0.002034 0.015244 0.009798 0.019959 0.001351 0.019432 0.015807 -0.014075 0.003291 0.001565 -0.023504 -0.023087 0.003108 -0.007081 0.016704 0.021080 0.000269 0.005939 0.016648 0.014014
T973 0.013531 0.009555 0.053523 0.023548 0.017380 0.020918 -0.007242 0.024186 0.010993 -0.008791 0.007036 0.005799 0.013719 -0.002377 0.040481 0.002327 0.015982 -0.009466 0.010323 0.005405
T974 0.005919 0.000541 -0.002468 0.008858 -0.004350 0.014541 0.005422 0.002131 0.001491 0.011431 0.009622 0.010291 0.013170 0.003177 0.014000 0.016360 -0.005468 0.009916 0.003365 0.008325
T975 -0.000708 0.008108 0.012008 0.009296 0.022977 0.010261 -0.001373 0.014950 0.003853 0.000000 0.022217 0.022766 0.032533 0.006598 0.043506 0.021452 0.006429 0.005189 0.006298 0.009584
T976 0.002745 -0.010098 -0.010494 -0.003818 0.000132 -0.011607 0.011880 0.006000 -0.001112 0.002338 0.003326 0.003060 -0.006677 0.006293 -0.021154 0.014538 0.006411 -0.006883 0.001747 -0.000914
T977 -0.000486 0.005597 -0.001024 -0.026790 0.009588 -0.012722 0.003978 0.004810 0.008034 0.007193 -0.007872 -0.007955 0.014284 0.007730 0.009823 -0.002033 0.001145 -0.003873 -0.003124 -0.003925
T978 -0.008260 0.006374 -0.020750 0.005928 0.008050 -0.001817 0.004639 -0.007756 -0.000087 0.000386 -0.012766 -0.012361 -0.001726 0.004482 -0.037043 -0.011705 -0.021747 0.005014 -0.005738 0.005441
T979 0.010288 0.005263 0.024763 0.014288 0.016584 0.028467 0.002501 -0.068301 0.008728 0.011769 0.011723 0.011111 0.001072 0.000429 0.045499 -0.003237 0.008941 0.010894 0.010355 0.009688
T980 0.001499 0.000089 -0.040515 0.010267 -0.008534 -0.005632 0.008444 -0.004404 0.005840 0.005149 0.002986 0.003260 -0.002901 -0.002830 -0.022494 0.002490 -0.000495 0.009316 0.004010 0.002448
T981 0.003742 0.003549 0.011089 0.004530 0.022002 -0.001780 0.007898 0.014908 0.008283 0.005691 -0.009230 -0.008907 0.003326 0.001978 0.014550 0.010575 0.004687 0.017961 0.010128 0.013510
T982 -0.006753 -0.001768 -0.019890 0.008077 0.004326 -0.001621 -0.001227 -0.014817 0.001059 0.003962 -0.011299 -0.011112 -0.008942 0.007725 -0.020967 -0.017076 -0.021197 -0.012841 0.009267 0.008597
T983 0.014570 -0.001240 -0.007902 0.010697 -0.001906 0.004872 0.000189 0.009335 -0.000233 0.002631 -0.006687 -0.006570 0.002822 0.000511 -0.063849 0.012634 0.021078 -0.006603 0.002098 0.008136
T984 -0.003438 0.004523 0.037533 -0.004580 0.004734 0.012282 0.006521 0.011978 0.011677 0.007684 0.010465 0.009890 0.002779 0.008428 0.015137 0.012809 0.028547 -0.003560 0.016795 0.016120
T985 -0.027205 0.012272 -0.061602 -0.016779 -0.024417 -0.018838 0.012019 -0.008647 -0.008782 0.005579 -0.039368 -0.036847 -0.005122 -0.015787 -0.095250 -0.037114 -0.022386 0.009108 -0.003436 0.001912
T986 -0.008619 -0.002268 0.008705 -0.010106 -0.003820 -0.008135 0.009185 -0.002737 -0.001121 0.011836 -0.005044 -0.005783 0.008791 -0.006691 -0.016574 0.006456 -0.001232 -0.008627 0.001920 0.003649
T987 0.006928 -0.011364 -0.008435 0.000397 -0.004562 -0.005413 -0.002207 -0.002600 -0.014000 -0.008042 0.005006 0.005050 -0.000208 0.024093 0.009415 0.005797 0.000683 -0.008149 -0.016308 -0.028522
T988 -0.007015 0.006720 -0.103521 -0.030893 -0.011073 -0.025400 -0.006173 -0.010234 -0.018624 -0.010687 -0.040795 -0.040193 0.005348 -0.006324 -0.040854 -0.026111 -0.012401 -0.021199 -0.007554 -0.011830
T989 0.000407 0.022572 0.027883 0.028108 0.019173 0.007615 -0.006953 0.019297 0.013637 0.008195 -0.015731 -0.013336 0.006148 -0.020621 0.035398 0.014494 0.037016 0.011917 0.005929 0.000414
T990 -0.003621 0.005840 0.052478 -0.021919 0.008396 -0.026705 -0.002521 0.010574 0.001382 -0.000924 0.003143 -0.000336 -0.000069 -0.000693 0.015309 -0.002665 0.005341 0.006144 0.005854 -0.001501
T991 0.011585 -0.004355 0.067877 0.035694 -0.001917 -0.011217 -0.006646 0.016256 0.002997 -0.016827 0.014266 0.016817 -0.003571 -0.005376 0.081499 0.011653 0.018381 0.010382 -0.020112 -0.012682
T992 0.000494 0.001973 0.039742 0.003816 0.011295 0.000524 0.001979 0.003805 0.004795 -0.009968 0.022281 0.023353 0.007305 0.004708 0.019162 0.007821 0.011610 0.019492 0.005616 -0.004922
T993 -0.001212 -0.003681 0.019021 0.015089 0.015989 0.005931 -0.005736 0.013831 0.003145 0.006079 0.018195 0.017907 0.014298 0.005293 -0.000336 0.014939 -0.008103 0.002075 0.000924 -0.007230
T994 -0.027775 0.010567 -0.021886 0.008070 0.011801 0.012485 -0.002837 -0.013826 0.013012 -0.004621 0.003915 0.003810 0.000540 0.024937 -0.019479 -0.000803 0.015371 0.014889 0.013287 0.009316
T995 0.002173 0.004251 -0.009450 0.016508 0.015941 0.015414 -0.008252 -0.002213 -0.006843 -0.023211 0.008114 0.007972 -0.009909 0.002798 -0.010190 0.014946 -0.007429 -0.015302 0.004437 0.010846
T996 0.017990 -0.027512 -0.004924 -0.012133 -0.003495 0.010288 -0.013198 -0.018222 -0.009816 0.002574 0.003307 0.003076 -0.005855 0.002959 -0.019206 -0.023256 0.005148 -0.029699 -0.009268 -0.000175
T997 0.037066 -0.006354 0.038972 0.025059 -0.002679 0.052087 -0.011339 0.033440 0.004582 -0.007900 0.015111 0.014580 0.006232 -0.011885 0.039693 0.020059 0.032413 0.015050 -0.010987 0.006811
T998 -0.002927 -0.003942 0.021981 0.000893 0.011574 -0.013964 0.010293 -0.014139 0.005840 0.003185 0.008576 0.008943 0.010141 -0.000512 -0.015865 -0.004671 0.019701 -0.001002 -0.012277 -0.009571
T999 -0.007581 0.009763 0.010754 -0.006283 0.008137 0.007081 0.002426 -0.004682 0.011549 0.012503 -0.009536 -0.010636 0.007513 -0.013143 0.002241 0.006191 -0.012599 0.015142 -0.005664 -0.000725
T1000 0.003974 -0.012804 0.010986 -0.004078 0.019643 -0.019335 0.004646 -0.005872 0.004169 0.003332 0.003495 0.002719 0.004046 -0.005794 0.039652 0.023945 -0.002107 -0.005038 0.020328 -0.000923
T1001 -0.004398 -0.006441 0.003889 -0.000150 -0.000445 -0.016132 -0.000385 -0.005422 -0.004882 -0.002930 -0.003972 -0.004929 0.000666 -0.002001 0.021842 -0.000969 -0.036347 0.009283 -0.013898 -0.004840
T1002 0.005080 0.001066 0.014642 0.007439 0.022329 0.022027 -0.006651 0.003293 0.009790 0.000980 0.005154 0.007678 0.010583 -0.014294 0.004291 -0.014039 -0.005809 -0.000295 -0.009246 0.004023
T1003 0.001187 -0.002661 -0.030322 0.010852 -0.004882 0.002593 0.005822 -0.027951 -0.004505 -0.000783 0.008912 0.007497 0.000132 0.005305 -0.021283 -0.005735 -0.003469 0.009496 0.004070 0.007244
T1004 0.022872 0.014053 -0.001100 0.000516 -0.008470 0.011799 0.001447 0.003182 -0.005527 -0.000196 0.011495 0.011589 0.002700 -0.001143 0.000329 0.002714 0.014289 0.005751 0.009254 0.006099
T1005 -0.029142 -0.003947 -0.029159 -0.009587 -0.026383 -0.012620 -0.014257 -0.023704 -0.003859 -0.002155 0.007357 0.006874 -0.005024 0.010391 -0.036561 -0.004427 -0.030423 -0.001260 -0.003773 -0.006192
T1006 0.002520 0.000704 0.019048 0.008637 0.005857 0.003559 -0.002639 0.001650 0.001726 -0.006676 -0.006591 -0.006767 0.002574 -0.023183 0.015812 0.007024 0.015256 0.009607 -0.008959 -0.001618
T1007 -0.004895 -0.012408 0.007207 -0.008600 -0.005064 -0.011607 -0.020478 -0.005714 -0.012798 -0.012058 -0.000598 0.000000 -0.001021 -0.016952 0.033656 -0.006033 0.011620 -0.000240 -0.011177 -0.008124
T1008 0.005007 0.003653 0.027634 0.030162 0.020365 0.021693 -0.009303 0.011361 -0.003342 0.002401 0.008074 0.007235 0.001022 -0.003721 0.016850 0.018251 0.030360 0.001202 -0.007356 0.019891
T1009 -0.022531 0.006392 -0.008831 -0.007899 -0.004270 -0.000639 -0.004745 -0.013493 -0.010552 -0.003593 -0.024739 -0.024422 -0.009580 -0.010750 0.022414 -0.024705 -0.012793 0.000240 -0.008331 -0.018335
T1010 0.018404 0.011203 0.032271 -0.017093 0.015195 0.010224 0.020392 0.018160 0.013384 -0.007412 0.007969 0.008590 0.003490 -0.000645 0.040479 0.028265 0.017727 0.013632 0.002913 0.000661
T1011 0.016698 0.011515 0.028883 0.008584 0.013895 0.013915 0.004176 0.013434 0.000277 0.013723 -0.015932 -0.015330 0.006393 0.016126 -0.001806 0.007856 0.018059 0.004357 0.000505 0.004628
T1012 -0.002178 -0.002846 -0.001398 -0.003500 -0.000881 -0.009981 -0.017426 -0.002047 -0.000319 -0.010950 0.000736 0.001359 0.000691 -0.007890 0.016283 0.003932 0.006371 -0.003018 0.004796 -0.002128
T1013 -0.006505 0.004324 -0.022672 0.021038 -0.000814 0.035602 0.008666 -0.004231 0.009842 0.003221 0.008212 0.007157 0.003289 0.003017 -0.000074 -0.010270 -0.006394 0.007520 0.014614 0.011606
T1014 0.016480 0.009731 0.004574 0.001303 0.003032 0.004107 0.006294 0.000778 0.007468 0.000401 0.011123 0.010537 0.015736 -0.000365 0.024258 -0.013545 0.006499 0.013472 0.012216 -0.000500
T1015 0.011025 -0.005570 -0.034721 0.002857 0.002338 -0.051053 0.008141 0.001183 0.006554 0.000802 0.003306 0.003031 0.011296 0.016774 -0.046860 -0.009846 -0.017709 0.005187 0.002120 0.005870
T1016 -0.008852 0.015252 0.004773 0.015758 0.006848 0.025702 -0.003545 -0.013756 0.006802 0.005210 -0.000959 -0.001813 -0.001340 -0.009952 0.031307 -0.005638 -0.009796 0.012579 0.009398 0.006506
T1017 0.001596 0.000594 0.026637 0.014556 0.007724 -0.004358 -0.006522 -0.000263 0.004298 -0.008373 -0.013374 -0.013502 0.005688 -0.006068 0.008915 -0.020442 -0.001905 0.009965 -0.025715 0.000344
T1018 0.012277 0.012724 -0.009034 -0.031458 -0.004564 -0.017508 0.004299 0.006664 0.000802 -0.002614 0.003282 0.003008 0.005910 -0.009567 0.007814 0.110870 0.005048 0.005677 0.009846 -0.002254
T1019 0.006298 -0.020102 0.000556 -0.021858 0.002965 -0.016229 -0.010950 0.001044 -0.006352 -0.011087 0.004544 0.003978 -0.005275 -0.021711 0.041377 0.010708 -0.003699 -0.001971 -0.015363 -0.001377
T1020 -0.002622 -0.007436 -0.003389 0.006131 0.003222 0.027980 0.003120 -0.007069 -0.002917 0.020383 0.006152 0.006522 -0.000635 0.002821 -0.000835 -0.010142 -0.000425 -0.016878 0.004577 -0.005838
T1021 -0.021623 0.007664 -0.032724 -0.004295 -0.014795 -0.007237 -0.006923 -0.012435 -0.009379 -0.005194 -0.014027 -0.014291 -0.051225 -0.002438 -0.028066 -0.019562 -0.011188 0.008858 -0.000414 -0.001820
T1022 -0.000823 -0.004017 -0.012449 -0.004609 0.005963 -0.001585 0.007678 0.003272 -0.006221 0.002811 0.000304 -0.000369 0.010081 -0.004700 0.006091 0.007020 0.053874 0.057072 -0.043920 -0.006166
T1023 0.003643 -0.019907 0.009629 -0.009741 0.002095 -0.019683 -0.041408 0.008759 -0.001475 -0.004605 0.014952 0.015671 -0.029743 -0.017945 0.008048 0.000172 -0.005990 -0.030827 -0.001950 -0.008214
T1024 0.008599 -0.001313 -0.005665 0.015410 -0.000053 0.038860 0.001360 0.004629 0.004728 0.010863 0.008084 0.008774 0.014285 0.002404 -0.007206 -0.007367 -0.006152 0.006406 0.007295 0.009868
T1025 0.001157 -0.005874 0.041972 -0.003831 0.018390 0.008261 -0.010654 0.018968 -0.002815 -0.005970 0.016633 0.017754 -0.006031 -0.004797 0.005195 0.013776 0.008550 -0.007726 0.000043 -0.008441
T1026 -0.015278 0.009259 -0.014506 0.013497 0.008219 -0.002937 -0.000633 -0.004153 -0.002655 0.011011 0.029216 0.028171 -0.011797 0.010604 -0.013522 -0.007506 -0.003232 -0.014510 0.000776 0.000748
T1027 -0.018209 -0.009436 -0.038893 -0.014594 0.047563 -0.005116 -0.010036 -0.017404 -0.036439 0.078416 -0.019587 -0.019202 0.002024 -0.023944 -0.047223 0.003038 -0.017905 0.001751 -0.000431 -0.008880
T1028 -0.013280 0.046132 -0.005007 0.009664 0.015581 -0.007168 -0.004055 0.018745 0.002543 -0.010834 -0.000232 0.001052 0.010612 -0.004300 0.019885 0.000093 0.011168 0.000538 0.002672 0.002706
T1029 -0.004038 -0.008010 -0.002190 -0.009168 0.005759 -0.012668 0.003000 -0.004391 0.002209 0.000186 -0.011410 -0.011968 -0.007994 -0.000098 0.004801 -0.000780 0.011851 0.004344 -0.011947 -0.021785
T1030 0.006486 0.000680 0.031741 0.021281 0.029000 0.021171 0.006944 -0.000291 -0.007484 0.005753 0.004277 0.002954 0.015264 -0.002160 0.028372 0.011118 0.017232 0.012754 0.017224 0.006263
T1031 -0.003267 -0.007899 0.032490 0.069653 0.017540 0.084184 -0.042860 0.047768 0.017015 0.001845 0.040371 0.039884 -0.011166 -0.009051 0.040740 0.021338 0.024139 0.022368 0.062513 0.053566
T1032 0.021372 -0.012842 0.023726 -0.028256 -0.016060 -0.013328 0.006096 0.039729 0.006139 -0.013815 0.022150 0.024021 0.002245 0.004368 0.022457 0.020930 0.020916 -0.003015 -0.023864 -0.018703
T1033 -0.001188 0.011188 -0.000925 0.002719 0.004552 0.007635 0.019830 0.014937 -0.012869 0.009526 -0.013276 -0.013278 0.014627 0.017298 -0.008396 -0.001883 -0.007092 0.016502 -0.004411 0.007128
T1034 -0.012029 0.001801 -0.025757 0.018672 0.024706 0.017048 -0.006590 0.019190 -0.006616 -0.002220 0.011731 0.011214 0.008563 -0.021279 -0.016054 0.013081 0.027706 0.012792 0.001905 0.008524
T1035 0.000000 -0.003082 -0.015036 -0.015223 -0.008386 -0.011175 -0.005002 0.003040 -0.001862 0.009457 0.007419 0.007042 -0.009551 -0.021344 0.020859 0.017456 0.011853 0.002853 -0.012565 -0.002289
T1036 0.003969 -0.006012 -0.014981 -0.003015 -0.007064 -0.001883 -0.004699 0.009693 0.001427 0.014879 -0.015437 -0.015086 -0.004353 -0.000811 -0.013622 0.013386 -0.002614 0.007866 0.006279 0.003882
T1037 0.013770 -0.006134 -0.018435 0.002294 -0.003300 -0.010742 0.004173 -0.007773 -0.006028 0.002534 -0.017397 -0.018448 0.004069 -0.001421 0.003350 0.008176 -0.005499 -0.012994 -0.020091 -0.000855
T1038 -0.014109 0.007563 -0.032516 -0.004960 0.000847 0.008951 0.023073 -0.018394 -0.009680 0.009749 -0.019510 -0.017599 -0.019862 -0.020842 -0.032570 -0.015885 -0.027323 -0.009001 -0.000043 0.005516
T1039 0.013422 0.012597 0.005035 -0.004636 0.008560 0.003490 0.011330 -0.013171 -0.001180 0.007331 0.016735 0.016291 -0.005228 0.002596 -0.012889 0.028023 -0.005982 0.006027 -0.004924 0.004083
T1040 0.001140 -0.001960 -0.001932 0.000035 -0.008129 -0.005797 -0.010674 -0.051030 -0.010054 -0.008520 0.015724 0.016087 -0.001271 -0.000207 0.048948 0.028652 0.016671 -0.016158 -0.004778 -0.007073
T1041 0.003154 -0.010245 -0.012700 0.007564 0.007924 -0.004665 0.003205 0.009982 0.013692 0.002148 -0.012529 -0.012014 0.000619 0.009323 -0.007618 0.014380 0.000861 0.009734 0.001157 -0.000064
T1042 -0.002096 0.011472 0.004227 0.018387 0.038771 0.009813 0.003620 0.043191 0.010952 0.000893 -0.045621 -0.047448 -0.008388 0.024836 0.005347 0.015421 0.023529 0.004714 0.023377 0.006890
T1043 0.005908 0.004264 0.001769 0.028328 -0.006481 0.012908 0.007109 -0.056844 -0.000637 0.012493 -0.015776 -0.017121 0.006274 -0.006809 -0.032181 0.000345 0.012941 0.007186 0.014099 0.009554
T1044 0.013051 0.003142 0.003593 0.012977 -0.013196 0.013030 0.004425 -0.008592 0.002001 0.000353 0.017170 0.017541 0.020360 0.019964 -0.041775 -0.035866 -0.007439 0.006967 0.028590 0.001805
T1045 0.009404 -0.001439 -0.000485 0.001180 0.020727 -0.014134 0.013006 0.006634 0.001997 0.014802 0.007024 0.008768 0.000473 0.004547 0.006617 0.008098 0.016491 0.020755 -0.014800 0.002367
T1046 -0.000553 0.008393 -0.030776 -0.004320 0.001617 0.005878 0.001864 -0.004164 0.001139 0.001042 0.001172 0.000650 -0.004218 0.014761 -0.011540 0.005432 -0.026793 0.008851 -0.001629 0.009445
T1047 0.010216 -0.001513 0.015094 0.001413 -0.004053 0.010120 -0.001344 0.008740 0.008466 0.001561 -0.001932 -0.001655 0.003152 -0.014352 0.021502 0.010794 0.007720 0.003006 -0.002324 -0.000124
T1048 0.009523 -0.016502 0.027332 -0.007943 0.004287 0.007337 0.004967 -0.011936 -0.002820 -0.009699 0.014605 0.015034 -0.006117 -0.010134 0.002749 0.012325 -0.000962 -0.008585 -0.015859 -0.011780
T1049 0.012772 -0.004452 0.009849 -0.000496 -0.001895 0.000420 -0.025744 0.003075 -0.000393 -0.004897 0.000231 -0.000875 0.007044 0.012325 0.011758 0.004935 0.008479 0.000123 -0.015741 -0.014958
T1050 0.001484 -0.002752 0.014332 0.001622 0.005519 0.001120 0.002114 0.029276 0.002903 -0.007909 0.017744 0.017684 0.002003 -0.004713 0.034793 0.009854 0.062242 -0.007229 -0.008397 -0.003977
T1051 0.000123 -0.003277 -0.000528 -0.006841 0.008541 0.010210 0.003059 -0.009074 -0.023659 0.008149 -0.010108 -0.009921 0.014843 0.021505 -0.000482 0.007475 0.000525 0.003538 -0.001574 0.004804
T1052 -0.000823 0.000087 0.053147 0.011513 0.004006 -0.001108 -0.009148 -0.003438 0.001917 0.007204 0.012507 0.011990 -0.001636 -0.004442 -0.018062 0.018380 0.000552 -0.000656 -0.004518 -0.000149
T1053 0.016101 -0.006055 -0.003286 -0.023915 -0.028440 -0.004019 -0.013690 0.000170 -0.015263 -0.025471 0.004595 0.004928 0.007994 0.006790 -0.025484 -0.022520 -0.003433 -0.061203 0.005641 -0.014091
T1054 0.004134 0.005222 -0.039846 0.018165 0.006938 0.008906 0.010222 0.000758 0.005039 -0.006624 0.053247 0.055882 -0.002190 -0.026881 -0.026943 -0.000372 0.006569 0.020274 0.015201 -0.002975
T1055 -0.005166 -0.011775 0.066294 0.000761 0.020764 -0.007448 -0.012035 0.036302 -0.009622 -0.014417 0.054576 0.055247 -0.015330 -0.012376 0.031391 0.025412 0.017148 0.003597 -0.013961 -0.002378
T1056 0.005964 -0.002453 -0.013865 -0.006747 -0.004547 -0.007365 0.008624 0.002520 -0.004608 0.005486 -0.015658 -0.017605 0.001790 0.015038 -0.014141 -0.011756 0.001081 -0.004566 -0.000299 -0.005982
T1057 0.000686 -0.004216 0.244326 0.006127 -0.007842 -0.005880 -0.001283 -0.023503 -0.007298 -0.001273 -0.011620 -0.011148 -0.000101 0.007407 -0.022499 -0.007217 -0.023789 -0.005702 0.005434 -0.001592
T1058 0.011728 -0.006703 0.112100 0.004733 -0.014439 0.006760 -0.005565 0.022926 -0.016081 -0.004006 0.035427 0.036034 0.003742 -0.011167 -0.016760 0.002405 0.007876 -0.010649 -0.008894 -0.005896
T1059 0.009720 0.005949 -0.039080 -0.007346 0.000549 -0.005176 0.006134 0.009337 0.004436 -0.010420 -0.005248 -0.006305 -0.005475 0.000000 -0.012197 -0.002117 -0.013461 -0.038175 -0.012925 0.001011
T1060 -0.021422 -0.012005 -0.069142 -0.044999 -0.041050 -0.042182 -0.007915 -0.041253 -0.018433 -0.016257 -0.035359 -0.035923 -0.017563 -0.017190 -0.011351 -0.032183 -0.048200 -0.000091 -0.023230 -0.019905
T1061 0.007015 0.004378 -0.023701 0.018417 0.007495 0.004404 0.001833 -0.019790 -0.006347 -0.004883 -0.002367 0.000584 -0.002235 0.011999 0.013730 0.014041 0.013082 -0.012189 -0.006190 0.006158
T1062 0.018816 0.016100 0.011314 0.019005 0.013692 0.011254 -0.009578 0.010111 0.011249 0.016041 0.017185 0.015384 0.008442 -0.014771 0.030762 0.007771 0.015239 0.010596 0.014206 0.008590
T1063 0.003065 0.000700 0.055177 0.000502 0.002878 0.008383 -0.001304 -0.007911 -0.004666 -0.004829 0.015703 0.016823 -0.004749 0.013463 0.036897 0.002640 -0.002740 0.006128 0.003579 0.002537
T1064 0.011478 0.003937 0.031547 0.015596 0.011815 0.017629 0.005222 0.010951 0.008145 -0.002053 0.008062 0.007604 0.009269 0.000805 0.003938 0.022678 0.015897 0.006090 0.011535 0.009486
T1065 0.003176 0.004444 0.023698 0.001747 -0.005251 0.004930 -0.000216 0.001395 -0.003406 0.002860 -0.002379 -0.002601 0.002755 0.004223 -0.002068 -0.008561 -0.005834 0.003004 0.002089 0.000916
T1066 -0.013242 -0.002429 -0.014713 -0.009671 -0.011509 -0.004905 -0.006063 -0.011792 -0.003158 -0.004182 -0.015525 -0.014519 -0.004003 -0.001702 -0.020868 -0.017952 -0.016058 -0.002951 -0.001303 -0.005598
T1067 -0.013263 -0.019045 -0.025522 -0.012357 -0.009235 -0.008592 -0.011110 -0.012951 -0.012577 -0.005727 -0.006957 -0.007885 -0.013691 -0.013340 0.003503 -0.007845 -0.012724 -0.010582 -0.009307 -0.009529
T1068 -0.007058 0.002748 -0.015876 -0.001816 -0.004498 0.000000 0.001322 -0.002856 0.002418 0.004032 -0.011677 -0.010144 0.001001 0.011284 -0.023274 -0.010117 -0.007099 0.000317 0.001097 0.002477
T1069 -0.026236 0.002918 0.000604 0.005526 -0.008681 -0.006393 -0.003960 -0.009085 -0.010748 0.004207 0.000998 0.000687 0.009038 -0.003116 0.029935 -0.005150 -0.005452 -0.005436 0.004736 -0.004809
T1070 -0.002009 0.003438 0.002457 0.017969 -0.004353 0.015156 -0.004418 0.011946 -0.001618 0.011998 0.013114 0.012458 0.007760 -0.000303 0.044538 -0.006406 0.018429 -0.001913 0.010388 0.005453
T1071 0.006739 -0.006940 0.016599 -0.003959 0.001211 0.024507 -0.028952 -0.008045 -0.001427 -0.019759 0.025009 0.026487 -0.008820 0.005850 0.034332 0.000840 0.003055 -0.030715 -0.006436 -0.004740
T1072 -0.011388 0.003185 -0.032867 0.000464 -0.023156 0.012923 -0.001714 -0.015564 0.004941 -0.012094 -0.006314 -0.007010 -0.009720 0.013036 -0.062170 -0.002949 -0.021262 -0.000188 0.002304 0.003345
T1073 0.002023 0.007496 0.002930 0.002748 0.015913 -0.005700 0.000801 0.017256 0.012194 0.000583 -0.006710 -0.007878 -0.008433 -0.011582 -0.000214 -0.004766 -0.004810 0.014976 0.005552 -0.002385
T1074 -0.024104 -0.016980 -0.021805 -0.031534 -0.027270 -0.025389 -0.012577 -0.002528 -0.013952 -0.012041 -0.011362 -0.009848 -0.015999 -0.006009 -0.029976 -0.042640 -0.023363 -0.019581 -0.028514 -0.020317
T1075 -0.010344 0.007836 0.004369 0.012683 0.005138 0.019188 0.008569 -0.016377 0.017578 -0.000393 -0.004556 -0.005363 0.004676 0.017431 -0.019719 0.003104 -0.008618 0.010222 0.006882 0.002824
T1076 -0.004778 -0.001502 -0.002619 0.011245 0.003130 0.010032 0.006544 0.017253 0.013905 0.010030 -0.006449 -0.007068 -0.007228 -0.013171 -0.011034 -0.014150 0.015309 0.003373 0.011554 0.013787
T1077 0.019676 -0.011830 0.014686 0.039819 0.010637 0.064898 0.002167 -0.003767 0.001615 -0.006231 0.031039 0.031056 0.002557 0.004415 0.034001 0.023974 0.022147 0.000093 0.006452 0.018843
T1078 -0.040400 0.025293 0.006184 -0.002690 0.007321 0.003066 0.007967 -0.022818 0.010538 0.002351 -0.013047 -0.013500 -0.009068 0.006095 -0.019598 -0.006944 0.002874 0.007236 0.017456 0.009378
T1079 0.007535 -0.003775 0.035003 0.003467 0.012703 0.018851 0.001468 -0.005171 0.008116 0.013683 0.016151 0.016018 0.004325 -0.027607 0.030995 0.018673 0.013546 0.014925 -0.002682 0.011106
T1080 -0.031916 0.029168 0.012087 0.017245 -0.048792 0.021003 0.000454 0.008740 0.014816 -0.007520 0.010529 0.010459 0.005908 -0.017157 0.022656 0.013495 0.023678 0.002375 0.010544 0.001325
T1081 0.005345 0.008477 0.002497 0.013524 -0.014339 0.000245 -0.007707 0.003725 0.000316 -0.012823 0.002004 0.001616 -0.004458 -0.005819 0.044309 0.096944 0.025819 -0.005968 -0.003929 -0.017201
T1082 -0.000759 0.046188 -0.002615 0.011234 0.043066 0.003550 0.004112 -0.021874 -0.003999 0.007872 -0.002250 -0.001966 0.010947 0.009929 0.001020 0.032359 0.008025 -0.009808 0.051951 -0.001477
T1083 -0.003935 0.014689 0.018395 -0.013901 -0.011052 -0.006099 -0.000341 -0.000585 -0.003584 0.016403 0.011624 0.011264 0.003621 -0.011177 -0.031246 -0.007382 -0.008129 0.011711 0.002943 0.007307
T1084 0.031780 0.035192 -0.173968 -0.015311 -0.018790 -0.005032 0.037893 0.014499 0.000546 0.026897 -0.040267 -0.041956 0.026729 0.025013 -0.169682 -0.005831 0.013902 0.013085 0.022671 0.024849
T1085 0.036544 -0.015761 0.025874 0.001959 0.001993 -0.013938 -0.014801 -0.009825 -0.009056 -0.015903 0.017031 0.018195 -0.006619 -0.005003 0.089259 -0.000062 0.026100 -0.001310 -0.020674 -0.009964
T1086 0.004617 0.003689 -0.004871 -0.005646 0.007937 0.008631 -0.003227 -0.012769 0.006452 0.001141 0.000558 0.000563 -0.003572 0.008517 -0.041011 0.006503 -0.022864 0.063354 0.001565 -0.001511
T1087 -0.007395 0.007430 0.045118 0.011737 0.011112 0.015255 0.014737 0.019579 0.018388 -0.021268 0.027640 0.027941 0.000724 0.006817 0.007680 -0.005020 -0.114443 -0.003317 0.001483 0.006585
T1088 -0.006692 -0.006832 0.026013 -0.004703 -0.007702 -0.005253 -0.046100 -0.005111 -0.000583 0.013388 0.014657 0.015682 -0.005580 -0.001314 -0.036743 0.003617 0.005559 -0.005973 -0.008523 -0.007791
T1089 -0.033856 0.004065 -0.015999 -0.002898 -0.009427 -0.015581 0.003806 -0.001247 0.018134 0.011871 -0.014397 -0.013675 0.004676 0.009816 -0.028400 0.002232 0.002514 0.022020 -0.019250 -0.008663
T1090 0.021008 0.005060 0.021586 -0.002212 -0.002975 -0.014194 -0.006090 -0.015048 0.001299 -0.004352 0.025020 0.025593 -0.000965 -0.090690 0.017058 0.016273 -0.010588 -0.003570 0.001975 0.006199
T1091 -0.001418 0.022928 0.043025 0.014881 0.004371 0.012487 0.001387 -0.005847 -0.002419 -0.000760 -0.069376 -0.072924 -0.003244 -0.011792 0.052086 0.016324 0.016760 0.021834 0.004025 0.013348
T1092 0.003226 -0.029078 -0.002759 -0.001186 0.017091 0.036119 -0.010852 0.003298 0.015385 0.001141 0.000052 0.001411 0.019146 -0.018066 0.030842 0.004520 -0.003661 0.019552 -0.003968 0.007367
T1093 -0.023969 0.006629 -0.028052 -0.010558 0.022545 -0.007409 0.012605 -0.019231 -0.012221 0.000380 -0.031918 -0.032672 -0.000204 -0.008745 0.009015 -0.001723 -0.014668 -0.003763 -0.005872 -0.009388
T1094 0.001187 0.017355 0.045226 -0.020551 0.005322 -0.012115 -0.009221 0.013803 0.012768 0.022408 0.005664 0.006097 0.047978 -0.010082 0.028728 0.013482 0.013409 0.038946 0.009294 -0.005436
T1095 0.021832 0.000990 0.000000 -0.002224 -0.003289 0.004707 0.016403 -0.001636 -0.000260 0.000186 -0.006004 -0.006167 0.005804 0.001620 -0.005765 -0.018996 -0.012488 0.011218 0.013916 0.005190
T1096 0.018270 -0.007228 0.005574 -0.010240 0.024664 0.001973 -0.007325 -0.015942 -0.004731 -0.009471 -0.008767 -0.009227 -0.008414 -0.010053 -0.012500 0.019076 -0.026411 -0.013220 0.003149 -0.001862
T1097 0.019673 0.009962 -0.002327 0.003590 -0.001875 0.010213 0.011761 0.012766 0.005430 0.005249 0.013213 0.013779 0.007867 -0.014591 0.031646 0.015944 0.007207 0.038389 0.009899 0.018570
T1098 0.012711 -0.008954 -0.011705 0.011512 0.007127 0.030572 -0.019487 0.005960 -0.008784 -0.006154 -0.005376 -0.004889 -0.004742 -0.016702 0.026314 0.014286 -0.002880 0.021654 -0.006973 -0.001873
T1099 -0.000531 -0.003292 -0.019353 0.005819 0.019324 0.000236 0.004068 -0.012666 0.019322 -0.010133 -0.005726 -0.007882 -0.012056 0.003373 0.003961 -0.021491 0.010997 -0.028100 0.007824 0.006735
T1100 0.001636 0.014979 0.000875 -0.009366 -0.006083 -0.008153 0.011923 0.003880 -0.008072 0.011185 0.007158 0.008162 -0.009481 0.027734 -0.001220 0.007221 -0.010366 0.000532 -0.016363 0.001968
T1101 0.003920 0.007871 -0.008700 -0.019554 -0.018074 -0.030975 0.005148 -0.005342 -0.000368 0.018560 -0.002618 -0.003832 0.003676 0.024299 0.006321 -0.018010 -0.019410 0.007784 0.002388 -0.004072
T1102 -0.001139 0.013141 -0.035636 -0.027842 -0.005498 -0.020777 0.018209 -0.023503 -0.008443 0.013252 -0.027111 -0.026550 0.005808 0.020757 -0.040540 -0.020878 -0.030548 -0.000867 -0.008480 -0.006351
T1103 0.006312 0.000222 -0.049072 0.000440 0.011710 -0.013936 0.007153 0.003130 0.001157 0.003633 -0.002148 -0.002282 0.009055 0.019777 -0.030871 -0.014634 -0.011541 0.011163 -0.013113 0.041108
T1104 -0.000243 0.006447 -0.025922 -0.007410 -0.003020 -0.005093 0.024193 -0.020467 0.019541 0.013575 -0.021083 -0.021367 0.010242 0.001753 -0.028017 -0.011361 -0.005703 0.008988 0.014691 0.002809
T1105 -0.027040 0.001031 0.051348 0.009409 0.000143 0.011902 -0.022971 0.125767 -0.012706 -0.020536 -0.015053 -0.015335 -0.020758 -0.022422 0.036721 0.013119 0.021327 -0.025726 -0.001667 -0.011444
T1106 -0.012731 -0.000662 -0.071100 -0.006417 -0.023124 -0.002529 0.000333 -0.040111 -0.002752 0.004193 -0.025701 -0.024489 0.018668 0.013426 -0.084781 -0.027261 -0.022294 0.002238 -0.001670 0.016818
;

param R_b :=
T1 -0.014799
T2 0.018518
T3 -0.015956
T4 0.017637
T5 0.006666
T6 0.011225
T7 0.020393
T8 -0.006112
T9 -0.007810
T10 -0.002293
T11 -0.001491
T12 -0.016300
T13 0.004427
T14 -0.001385
T15 0.004161
T16 0.002135
T17 -0.017042
T18 -0.000765
T19 -0.037127
T20 0.012522
T21 -0.013414
T22 0.007428
T23 0.015273
T24 0.030735
T25 0.019879
T26 -0.000185
T27 0.004257
T28 -0.001597
T29 0.009845
T30 -0.008835
T31 0.011680
T32 0.010756
T33 -0.005291
T34 -0.011423
T35 0.004035
T36 -0.007429
T37 0.003435
T38 0.017485
T39 -0.000421
T40 0.002404
T41 -0.003658
T42 0.011676
T43 0.003510
T44 -0.001482
T45 0.006887
T46 -0.001474
T47 0.002775
T48 -0.009422
T49 0.000000
T50 0.000059
T51 -0.005288
T52 0.012661
T53 0.002844
T54 0.004372
T55 -0.007177
T56 0.001066
T57 -0.002190
T58 -0.000356
T59 0.004688
T60 0.011223
T61 -0.000526
T62 -0.001636
T63 0.004741
T64 -0.012759
T65 0.006020
T66 -0.000117
T67 0.015723
T68 0.008202
T69 -0.008765
T70 -0.001503
T71 0.005267
T72 -0.005470
T73 -0.007642
T74 0.008576
T75 0.017817
T76 0.003410
T77 -0.001869
T78 0.006129
T79 -0.000395
T80 -0.022739
T81 0.006409
T82 -0.020251
T83 0.014873
T84 0.014655
T85 0.002673
T86 0.010548
T87 0.003872
T88 0.006094
T89 -0.001889
T90 -0.001615
T91 0.001561
T92 0.002895
T93 -0.000222
T94 0.000999
T95 -0.004548
T96 -0.006408
T97 -0.009422
T98 0.000849
T99 0.008655
T100 -0.023835
T101 -0.005803
T102 0.024791
T103 -0.008571
T104 -0.014049
T105 -0.010211
T106 0.016902
T107 -0.008081
T108 0.017507
T109 0.005395
T110 0.011466
T111 -0.001117
T112 0.004416
T113 0.000835
T114 0.003614
T115 -0.016457
T116 -0.001859
T117 0.010498
T118 -0.004580
T119 -0.007800
T120 0.003279
T121 0.014307
T122 0.002007
T123 -0.004396
T124 0.005030
T125 0.011289
T126 0.016276
T127 -0.000920
T128 0.004278
T129 0.005770
T130 0.008150
T131 -0.000053
T132 0.004734
T133 -0.006088
T134 0.012196
T135 0.003368
T136 -0.004720
T137 -0.007535
T138 0.006424
T139 -0.010392
T140 0.010395
T141 0.001846
T142 -0.000790
T143 -0.000211
T144 0.006958
T145 -0.005968
T146 0.001790
T147 -0.008568
T148 0.001697
T149 0.008787
T150 0.006034
T151 -0.011944
T152 -0.008024
T153 -0.020753
T154 0.011086
T155 0.016016
T156 -0.003015
T157 -0.008489
T158 -0.002408
T159 0.011641
T160 -0.001061
T161 0.012527
T162 -0.002988
T163 0.002103
T164 -0.001259
T165 0.001576
T166 -0.002990
T167 0.002368
T168 -0.004514
T169 0.010387
T170 0.001409
T171 -0.000469
T172 -0.001043
T173 0.006227
T174 0.001508
T175 0.004569
T176 -0.003618
T177 -0.003891
T178 0.002552
T179 -0.012051
T180 0.012409
T181 0.006076
T182 -0.001394
T183 0.005790
T184 0.001799
T185 0.004771
T186 0.000613
T187 0.001071
T188 0.004945
T189 0.009637
T190 0.000000
T191 0.004622
T192 -0.006901
T193 0.008963
T194 0.003644
T195 -0.000696
T196 0.003334
T197 -0.004860
T198 -0.007675
T199 -0.014816
T200 0.013153
T201 0.007547
T202 0.003845
T203 0.011492
T204 0.002115
T205 -0.006675
T206 -0.000642
T207 0.002274
T208 -0.007991
T209 -0.000746
T210 0.007017
T211 -0.004250
T212 0.007295
T213 0.000838
T214 -0.000739
T215 0.000394
T216 0.002511
T217 0.004765
T218 0.002786
T219 0.002633
T220 -0.007634
T221 -0.010779
T222 0.002130
T223 0.009440
T224 0.009010
T225 0.001213
T226 0.000388
T227 -0.005378
T228 0.008135
T229 0.006958
T230 -0.001535
T231 0.000000
T232 0.001442
T233 0.002063
T234 -0.002107
T235 -0.001536
T236 -0.005095
T237 -0.009131
T238 0.002974
T239 -0.005833
T240 0.008459
T241 -0.001600
T242 -0.009713
T243 -0.017508
T244 0.000100
T245 0.008136
T246 0.011238
T247 0.002711
T248 -0.003967
T249 -0.020750
T250 0.001858
T251 -0.010425
T252 0.012966
T253 -0.015450
T254 0.011782
T255 0.006324
T256 0.007282
T257 -0.000743
T258 -0.008077
T259 -0.003897
T260 0.002909
T261 0.016002
T262 0.009844
T263 0.004192
T264 0.007426
T265 0.002939
T266 0.001201
T267 -0.003359
T268 0.006259
T269 0.002392
T270 -0.000334
T271 0.008308
T272 0.004688
T273 -0.000094
T274 0.004148
T275 0.008121
T276 0.007031
T277 0.003005
T278 -0.000369
T279 -0.005349
T280 -0.007882
T281 -0.000514
T282 0.007761
T283 -0.000278
T284 0.004269
T285 -0.001987
T286 0.005649
T287 0.000230
T288 -0.003590
T289 0.000693
T290 0.002124
T291 -0.021652
T292 0.013090
T293 -0.015570
T294 -0.011096
T295 0.010790
T296 -0.008975
T297 0.011105
T298 0.020222
T299 0.003234
T300 -0.005895
T301 0.011489
T302 -0.009953
T303 -0.006913
T304 0.017191
T305 -0.011114
T306 -0.011100
T307 -0.010285
T308 0.016560
T309 0.011296
T310 0.005493
T311 0.014231
T312 -0.001675
T313 0.001224
T314 -0.003985
T315 -0.003774
T316 0.011409
T317 -0.003113
T318 -0.019689
T319 -0.002078
T320 -0.001989
T321 -0.001298
T322 0.008913
T323 0.003312
T324 -0.016646
T325 0.001585
T326 -0.018065
T327 -0.009815
T328 -0.011253
T329 -0.021697
T330 0.002921
T331 -0.011205
T332 0.000000
T333 -0.003095
T334 0.026890
T335 0.018969
T336 0.007513
T337 0.008692
T338 -0.027218
T339 0.007600
T340 -0.005477
T341 0.007584
T342 0.011986
T343 -0.017339
T344 -0.021840
T345 -0.000641
T346 0.015831
T347 0.001700
T348 -0.022344
T349 -0.007585
T350 -0.012389
T351 -0.018867
T352 0.015054
T353 0.021484
T354 -0.000945
T355 -0.014532
T356 0.016060
T357 -0.005865
T358 -0.010149
T359 -0.028488
T360 -0.007487
T361 0.027973
T362 -0.005096
T363 -0.012651
T364 -0.009026
T365 0.024551
T366 0.022532
T367 0.011493
T368 0.012597
T369 0.000634
T370 0.013651
T371 -0.011832
T372 0.015441
T373 0.003510
T374 0.008911
T375 0.011159
T376 -0.005542
T377 -0.015300
T378 0.000815
T379 0.011740
T380 -0.012883
T381 -0.014154
T382 0.005548
T383 -0.005808
T384 -0.020057
T385 -0.001938
T386 0.010951
T387 -0.014082
T388 -0.000400
T389 0.017037
T390 -0.005404
T391 -0.013632
T392 -0.026689
T393 0.007820
T394 -0.030985
T395 0.000948
T396 0.028735
T397 -0.039495
T398 0.008415
T399 0.003222
T400 0.031062
T401 -0.037735
T402 -0.003343
T403 -0.030668
T404 0.003625
T405 -0.018225
T406 -0.004014
T407 0.023171
T408 -0.003446
T409 0.019815
T410 -0.041337
T411 -0.008871
T412 -0.000226
T413 0.020568
T414 -0.009161
T415 0.008349
T416 0.019171
T417 0.025135
T418 -0.003191
T419 -0.005816
T420 0.018086
T421 -0.018450
T422 0.003330
T423 0.008939
T424 -0.008807
T425 -0.023574
T426 -0.030571
T427 -0.037831
T428 -0.002299
T429 0.016839
T430 -0.030157
T431 0.002336
T432 0.026898
T433 -0.001746
T434 0.010671
T435 0.030924
T436 -0.004197
T437 -0.022929
T438 0.001668
T439 -0.009647
T440 0.009219
T441 0.005171
T442 0.004344
T443 0.015365
T444 0.000168
T445 -0.012945
T446 -0.008913
T447 -0.004697
T448 -0.000403
T449 0.018367
T450 -0.008537
T451 0.025605
T452 0.006617
T453 0.010882
T454 -0.010600
T455 -0.000773
T456 -0.014425
T457 0.029890
T458 0.009475
T459 0.017207
T460 -0.003023
T461 -0.007340
T462 0.019504
T463 -0.001367
T464 -0.003684
T465 -0.002166
T466 -0.003547
T467 0.021516
T468 -0.001456
T469 0.017344
T470 0.005427
T471 0.002241
T472 -0.006706
T473 0.001841
T474 -0.013172
T475 -0.022143
T476 -0.002857
T477 0.001804
T478 0.013876
T479 -0.034582
T480 -0.007305
T481 -0.010738
T482 -0.007604
T483 0.004219
T484 -0.011555
T485 -0.005370
T486 0.016084
T487 0.005036
T488 0.016796
T489 0.012240
T490 -0.046710
T491 0.006174
T492 -0.012663
T493 -0.006441
T494 0.007790
T495 -0.009310
T496 -0.017428
T497 -0.006028
T498 -0.017320
T499 -0.007301
T500 -0.002641
T501 0.017337
T502 -0.021775
T503 -0.017058
T504 0.021600
T505 0.029576
T506 -0.000878
T507 -0.009486
T508 -0.029973
T509 -0.007253
T510 -0.008410
T511 -0.001424
T512 0.027714
T513 -0.021356
T514 0.026815
T515 0.011106
T516 -0.006056
T517 -0.007049
T518 0.024185
T519 0.012864
T520 0.014383
T521 -0.012064
T522 -0.009838
T523 0.025365
T524 -0.009804
T525 -0.006102
T526 -0.024789
T527 -0.013719
T528 0.014211
T529 0.010509
T530 0.004642
T531 -0.022048
T532 0.056333
T533 0.010813
T534 -0.006329
T535 0.008736
T536 -0.008046
T537 -0.000563
T538 0.002480
T539 -0.006128
T540 0.012954
T541 0.007651
T542 0.000000
T543 -0.015906
T544 -0.003041
T545 0.031577
T546 -0.000493
T547 -0.000931
T548 -0.016999
T549 -0.016457
T550 -0.004708
T551 0.008263
T552 -0.005087
T553 0.014202
T554 0.007784
T555 -0.006418
T556 -0.025389
T557 -0.011988
T558 -0.009275
T559 0.000471
T560 0.014889
T561 -0.015773
T562 0.005184
T563 -0.005568
T564 -0.012496
T565 0.019040
T566 -0.000937
T567 -0.004339
T568 0.003768
T569 -0.010324
T570 0.021042
T571 -0.000465
T572 0.007957
T573 0.013022
T574 0.003129
T575 0.005443
T576 -0.001354
T577 -0.016377
T578 -0.006545
T579 0.020805
T580 0.011436
T581 -0.000392
T582 -0.000784
T583 0.012216
T584 0.004761
T585 -0.013940
T586 0.014081
T587 0.011902
T588 0.018406
T589 -0.009036
T590 -0.005396
T591 0.014322
T592 -0.012515
T593 -0.008774
T594 0.000601
T595 0.012505
T596 0.000755
T597 0.002641
T598 -0.014889
T599 -0.003274
T600 -0.020529
T601 0.000056
T602 0.005030
T603 -0.011511
T604 0.003713
T605 -0.004428
T606 -0.005010
T607 0.007582
T608 0.018138
T609 0.002868
T610 -0.015014
T611 0.001116
T612 -0.018405
T613 -0.010739
T614 0.000861
T615 0.017732
T616 -0.001692
T617 0.020559
T618 -0.008966
T619 0.006589
T620 0.014202
T621 -0.014386
T622 0.005220
T623 0.005264
T624 -0.000276
T625 -0.003639
T626 0.014056
T627 0.006221
T628 0.014427
T629 0.004544
T630 -0.002661
T631 -0.002668
T632 0.005404
T633 -0.001650
T634 -0.002399
T635 -0.005130
T636 0.016758
T637 -0.000740
T638 0.002062
T639 0.000580
T640 0.000158
T641 -0.007328
T642 0.001646
T643 0.000053
T644 -0.014951
T645 -0.001238
T646 0.022525
T647 0.007062
T648 -0.000419
T649 -0.010104
T650 -0.007298
T651 -0.007033
T652 0.019530
T653 0.001421
T654 -0.005202
T655 0.005494
T656 0.000998
T657 -0.001784
T658 0.001525
T659 -0.002520
T660 0.012368
T661 0.010034
T662 -0.001287
T663 0.000052
T664 -0.009843
T665 -0.005517
T666 0.013189
T667 0.015238
T668 0.001628
T669 -0.004724
T670 0.010055
T671 0.012178
T672 -0.001647
T673 0.001450
T674 -0.007788
T675 0.008177
T676 0.002603
T677 0.010836
T678 0.005533
T679 0.002112
T680 0.012893
T681 -0.004598
T682 -0.003161
T683 -0.007219
T684 0.006387
T685 -0.007665
T686 -0.008462
T687 0.010668
T688 0.000491
T689 0.003337
T690 0.012667
T691 0.001884
T692 -0.000337
T693 -0.008149
T694 -0.003646
T695 -0.001952
T696 0.005769
T697 0.009284
T698 0.009777
T699 0.000572
T700 0.003337
T701 0.008742
T702 0.002308
T703 -0.009210
T704 -0.000569
T705 0.005315
T706 0.002360
T707 -0.000141
T708 -0.004804
T709 0.011500
T710 0.002199
T711 -0.003315
T712 -0.015598
T713 -0.002569
T714 -0.003530
T715 0.008522
T716 -0.002611
T717 -0.010185
T718 0.001058
T719 -0.000576
T720 0.007786
T721 -0.011159
T722 -0.008392
T723 -0.007101
T724 -0.000343
T725 0.009065
T726 -0.002913
T727 0.012614
T728 -0.015775
T729 0.007672
T730 0.005819
T731 0.016344
T732 0.004222
T733 -0.000189
T734 0.000095
T735 -0.000803
T736 -0.009740
T737 -0.003820
T738 0.003020
T739 0.009318
T740 -0.007196
T741 0.003767
T742 0.007791
T743 -0.013200
T744 0.000860
T745 -0.001289
T746 -0.012330
T747 -0.016065
T748 -0.002705
T749 0.004537
T750 -0.015046
T751 -0.000400
T752 0.005154
T753 -0.001145
T754 0.004137
T755 -0.014295
T756 0.008107
T757 -0.000299
T758 0.012391
T759 0.006021
T760 0.003827
T761 0.005571
T762 -0.003985
T763 -0.006295
T764 0.009821
T765 -0.002188
T766 -0.012865
T767 -0.006171
T768 -0.012121
T769 -0.000603
T770 0.008855
T771 -0.015112
T772 -0.016761
T773 -0.002369
T774 0.014764
T775 0.004833
T776 0.013113
T777 0.018340
T778 0.007459
T779 0.004627
T780 0.004606
T781 0.002365
T782 -0.008715
T783 0.016903
T784 -0.000955
T785 0.016208
T786 0.002446
T787 0.002394
T788 -0.000234
T789 0.008945
T790 -0.003156
T791 0.004191
T792 -0.001345
T793 -0.000975
T794 0.001859
T795 -0.002088
T796 0.002371
T797 0.002597
T798 -0.007633
T799 0.004009
T800 -0.005153
T801 0.009100
T802 0.005318
T803 -0.000138
T804 0.005383
T805 0.010525
T806 0.000996
T807 0.001267
T808 0.007546
T809 0.005067
T810 -0.013484
T811 0.009572
T812 0.000314
T813 0.003773
T814 0.001521
T815 0.001072
T816 -0.002901
T817 -0.006580
T818 -0.006264
T819 -0.003265
T820 0.001183
T821 0.015995
T822 -0.000894
T823 0.007297
T824 -0.000978
T825 0.001068
T826 -0.002977
T827 -0.004323
T828 0.009132
T829 0.015259
T830 0.000044
T831 0.004806
T832 0.003478
T833 0.003466
T834 -0.001079
T835 0.007954
T836 -0.001973
T837 -0.017575
T838 0.012291
T839 0.014907
T840 -0.001277
T841 0.001876
T842 0.009063
T843 -0.000295
T844 0.006706
T845 -0.001466
T846 -0.012839
T847 0.008161
T848 0.004047
T849 -0.004535
T850 -0.006665
T851 0.000722
T852 0.024569
T853 -0.000456
T854 -0.004226
T855 0.000957
T856 -0.002619
T857 0.005168
T858 0.009911
T859 -0.002833
T860 -0.011241
T861 0.004831
T862 0.010361
T863 -0.007383
T864 -0.001570
T865 0.014445
T866 -0.002244
T867 -0.000491
T868 -0.009205
T869 0.008341
T870 0.006020
T871 0.009403
T872 0.000542
T873 0.000445
T874 -0.003152
T875 -0.003324
T876 0.007239
T877 -0.001009
T878 -0.001293
T879 -0.005423
T880 0.000285
T881 -0.012814
T882 0.011044
T883 0.000571
T884 -0.000082
T885 -0.007292
T886 0.011080
T887 -0.013150
T888 -0.013408
T889 -0.002001
T890 -0.006182
T891 -0.001261
T892 -0.012373
T893 0.009076
T894 0.013260
T895 -0.000667
T896 -0.006047
T897 0.013510
T898 0.002194
T899 -0.015077
T900 -0.004026
T901 0.011580
T902 0.014611
T903 0.010339
T904 0.000650
T905 0.000812
T906 0.003487
T907 0.001455
T908 0.001372
T909 0.005117
T910 0.012668
T911 -0.002019
T912 0.001230
T913 0.001268
T914 0.003522
T915 -0.002642
T916 -0.005535
T917 0.007553
T918 0.004301
T919 -0.004911
T920 -0.010620
T921 0.006584
T922 0.004361
T923 0.002645
T924 0.013660
T925 0.000388
T926 -0.000116
T927 0.002213
T928 0.005045
T929 0.007844
T930 0.004831
T931 0.003167
T932 0.007569
T933 0.001548
T934 -0.003694
T935 -0.001551
T936 -0.005570
T937 0.007239
T938 0.004653
T939 0.001506
T940 -0.006354
T941 0.006546
T942 0.007217
T943 0.006083
T944 0.008606
T945 0.000331
T946 0.001948
T947 0.010972
T948 -0.015753
T949 0.005458
T950 0.003301
T951 0.002815
T952 -0.015311
T953 -0.007256
T954 -0.008167
T955 0.010527
T956 0.000112
T957 -0.026860
T958 -0.006537
T959 0.008928
T960 0.000915
T961 -0.007812
T962 0.018512
T963 -0.014178
T964 -0.018169
T965 -0.030971
T966 0.006674
T967 -0.006789
T968 0.023804
T969 0.005616
T970 0.001992
T971 0.019333
T972 0.003862
T973 0.018550
T974 0.002655
T975 0.010630
T976 -0.001365
T977 0.002624
T978 -0.009215
T979 0.008594
T980 -0.001291
T981 0.001182
T982 -0.006861
T983 -0.001894
T984 0.009378
T985 -0.022601
T986 -0.001622
T987 -0.001247
T988 -0.018537
T989 0.010484
T990 0.005912
T991 0.013007
T992 0.010107
T993 0.003891
T994 -0.000664
T995 0.000074
T996 -0.002549
T997 0.018294
T998 -0.001818
T999 0.002477
T1000 0.003416
T1001 -0.000643
T1002 0.003490
T1003 -0.002463
T1004 0.005048
T1005 -0.011129
T1006 -0.000073
T1007 -0.000146
T1008 0.009904
T1009 -0.009698
T1010 0.012132
T1011 0.006246
T1012 -0.001220
T1013 0.003664
T1014 0.008018
T1015 -0.007705
T1016 0.004008
T1017 0.000962
T1018 0.004380
T1019 0.000744
T1020 0.001913
T1021 -0.011810
T1022 0.003292
T1023 0.001248
T1024 0.002956
T1025 0.002912
T1026 -0.003647
T1027 -0.022639
T1028 0.006691
T1029 -0.003829
T1030 0.010552
T1031 0.026912
T1032 0.010168
T1033 0.002767
T1034 -0.001104
T1035 -0.001347
T1036 0.001176
T1037 -0.006251
T1038 -0.014459
T1039 0.003703
T1040 0.005833
T1041 -0.000838
T1042 0.001538
T1043 0.001431
T1044 0.001638
T1045 0.006508
T1046 -0.002628
T1047 0.005859
T1048 0.005239
T1049 0.002434
T1050 0.008277
T1051 0.000882
T1052 0.002982
T1053 -0.004629
T1054 -0.001528
T1055 0.010982
T1056 -0.005784
T1057 0.001319
T1058 0.007027
T1059 -0.002613
T1060 -0.029775
T1061 0.002294
T1062 0.009570
T1063 0.008381
T1064 0.013352
T1065 -0.001412
T1066 -0.010805
T1067 -0.011705
T1068 -0.005474
T1069 -0.002700
T1070 0.011768
T1071 0.007823
T1072 -0.013856
T1073 0.000311
T1074 -0.013943
T1075 -0.000945
T1076 -0.002312
T1077 0.021595
T1078 -0.007424
T1079 0.011878
T1080 0.007700
T1081 0.008083
T1082 0.005660
T1083 -0.001675
T1084 -0.017314
T1085 0.012941
T1086 -0.004585
T1087 0.002032
T1088 -0.004495
T1089 -0.007910
T1090 0.008418
T1091 0.003088
T1092 0.004229
T1093 -0.011251
T1094 0.006133
T1095 0.002878
T1096 -0.001486
T1097 0.010923
T1098 0.000201
T1099 0.001204
T1100 0.003274
T1101 -0.004728
T1102 -0.015957
T1103 -0.005235
T1104 -0.007006
T1105 0.000482
T1106 -0.019332
;

param q := 20;
